Business ID,Business name,Store ID,Store name,Merchant store ID,Payout date,Currency,Channel,Subtotal,Subtotal tax passed to merchant,Commission,Payment processing fee,Marketing fees | (including any applicable taxes),Customer discounts from marketing | (funded by you),Customer discounts from marketing | (funded by DoorDash),Customer discounts from marketing | (funded by a third-party),DoorDash marketing credit,Third-party contribution,Error charges,Adjustments,Net total,Subtotal tax remitted by DoorDash to tax authorities,Payout ID,Payout status
5579,McDonald's,685609,McDonald's (16255-LORAIN),16255,2025-08-18,USD,Marketplace,12568.63,0.00,-1507.13,0.00,-290.07,-1994.39,-52.59,-32.99,52.59,32.99,-255.53,262.63,8784.14,-9.53,507366202,PAID
5579,McDonald's,685609,McDonald's (16255-LORAIN),16255,2025-08-18,USD,NULL,0.00,0.00,0.00,0.00,0.00,0.00,0.00,0.00,0.00,0.00,0.00,62.45,62.45,0.00,507366202,PAID
5579,McDonald's,685609,McDonald's (16255-LORAIN),16255,2025-08-11,USD,Marketplace,12262.96,0.00,-1515.13,0.00,-459.36,-1629.83,-56.52,-20.00,56.52,20.00,-228.68,322.39,8752.35,0.00,505620434,PAID
5579,McDonald's,685609,McDonald's (16255-LORAIN),16255,2025-08-11,USD,NULL,0.00,0.00,0.00,0.00,0.00,0.00,0.00,0.00,0.00,0.00,0.00,76.87,76.87,0.00,505620434,PAID
5579,McDonald's,685609,McDonald's (16255-LORAIN),16255,2025-08-04,USD,Marketplace,15574.26,0.00,-1977.89,0.00,-417.64,-1694.47,-140.52,-15.82,355.21,15.82,-352.11,187.84,11534.68,-18.48,503846774,PAID
5579,McDonald's,685609,McDonald's (16255-LORAIN),16255,2025-08-04,USD,NULL,0.00,0.00,0.00,0.00,0.00,0.00,0.00,0.00,0.00,0.00,0.00,67.41,67.41,0.00,503846774,PAID
5579,McDonald's,685609,McDonald's (16255-LORAIN),16255,2025-07-28,USD,Marketplace,13384.11,0.00,-1703.41,0.00,-144.54,-1459.36,-186.24,0.00,186.24,0.00,-158.91,113.65,10031.54,-25.76,502071810,PAID
5579,McDonald's,685609,McDonald's (16255-LORAIN),16255,2025-07-28,USD,NULL,0.00,0.00,0.00,0.00,0.00,0.00,0.00,0.00,0.00,0.00,0.00,65.63,65.63,0.00,502071810,PAID
5579,McDonald's,685609,McDonald's (16255-LORAIN),16255,2025-07-21,USD,Marketplace,13048.51,0.00,-1753.78,0.00,-11.88,-774.16,-167.48,0.00,167.48,0.00,-257.77,273.18,10524.10,-19.63,500274182,PAID
5579,McDonald's,685609,McDonald's (16255-LORAIN),16255,2025-07-21,USD,NULL,0.00,0.00,0.00,0.00,0.00,0.00,0.00,0.00,0.00,0.00,0.00,79.44,79.44,0.00,500274182,PAID
5579,McDonald's,685609,McDonald's (16255-LORAIN),16255,2025-07-14,USD,Marketplace,15822.74,0.00,-2112.50,0.00,-18.81,-1103.12,-249.18,0.00,249.18,0.00,-387.35,271.23,12472.19,-23.26,498494837,PAID
5579,McDonald's,685609,McDonald's (16255-LORAIN),16255,2025-07-14,USD,NULL,0.00,0.00,0.00,0.00,0.00,0.00,0.00,0.00,0.00,0.00,0.00,83.71,83.71,0.00,498494837,PAID
5579,McDonald's,685609,McDonald's (16255-LORAIN),16255,2025-07-07,USD,Marketplace,14458.57,0.00,-1889.41,0.00,-73.23,-1237.16,-262.85,0.00,269.75,0.00,-354.55,232.10,11143.22,-23.68,496708228,PAID
5579,McDonald's,685609,McDonald's (16255-LORAIN),16255,2025-07-07,USD,NULL,0.00,0.00,0.00,0.00,0.00,0.00,0.00,0.00,0.00,0.00,0.00,63.64,63.64,0.00,496708228,PAID
5579,McDonald's,685609,McDonald's (16255-LORAIN),16255,2025-06-30,USD,Marketplace,12831.37,0.00,-1727.23,0.00,-45.63,-644.85,-256.08,-32.12,284.88,32.12,-278.85,116.47,10280.08,-23.89,494943901,PAID
5579,McDonald's,685609,McDonald's (16255-LORAIN),16255,2025-06-30,USD,NULL,0.00,0.00,0.00,0.00,0.00,0.00,0.00,0.00,0.00,0.00,0.00,61.77,61.77,0.00,494943901,PAID
5579,McDonald's,685609,McDonald's (16255-LORAIN),16255,2025-06-23,USD,Marketplace,12175.99,0.00,-1641.51,0.00,-15.84,-726.96,-124.88,0.00,124.88,0.00,-204.87,170.88,9757.69,-20.41,493183073,PAID
5579,McDonald's,685609,McDonald's (16255-LORAIN),16255,2025-06-23,USD,NULL,0.00,0.00,0.00,0.00,0.00,0.00,0.00,0.00,0.00,0.00,0.00,62.61,62.61,0.00,493183073,PAID
5579,McDonald's,686933,McDonald's (24316-HENDERSON),24316,2025-08-18,USD,Marketplace,12880.43,0.00,-1599.16,0.00,-70.29,-1711.33,-75.21,-53.05,75.21,53.05,-206.71,117.79,9410.73,-8.43,507368034,PAID
5579,McDonald's,686933,McDonald's (24316-HENDERSON),24316,2025-08-18,USD,Storefront,7.69,0.00,0.00,-0.79,0.00,0.00,0.00,0.00,0.00,0.00,0.00,0.00,6.90,0.00,507368034,PAID
5579,McDonald's,686933,McDonald's (24316-HENDERSON),24316,2025-08-18,USD,NULL,0.00,0.00,0.00,0.00,0.00,0.00,0.00,0.00,0.00,0.00,0.00,54.69,54.69,0.00,507368034,PAID
5579,McDonald's,686933,McDonald's (24316-HENDERSON),24316,2025-08-11,USD,Marketplace,10936.20,0.00,-1459.27,0.00,-93.06,-749.67,-99.23,-24.42,99.23,24.42,-179.68,225.12,8679.64,0.00,505612810,PAID
5579,McDonald's,686933,McDonald's (24316-HENDERSON),24316,2025-08-11,USD,NULL,0.00,0.00,0.00,0.00,0.00,0.00,0.00,0.00,0.00,0.00,0.00,55.39,55.39,0.00,505612810,PAID
5579,McDonald's,686933,McDonald's (24316-HENDERSON),24316,2025-08-04,USD,Marketplace,11237.20,0.00,-1423.26,0.00,-467.62,-1262.30,-182.87,-11.65,324.78,11.65,-230.36,200.39,8195.96,-15.14,503843694,PAID
5579,McDonald's,686933,McDonald's (24316-HENDERSON),24316,2025-08-04,USD,NULL,0.00,0.00,0.00,0.00,0.00,0.00,0.00,0.00,0.00,0.00,0.00,53.64,53.64,0.00,503843694,PAID
5579,McDonald's,686933,McDonald's (24316-HENDERSON),24316,2025-07-28,USD,Marketplace,10619.12,0.00,-1321.18,0.00,-235.62,-1381.44,-81.31,0.00,81.31,0.00,-245.13,203.34,7639.09,-17.70,502063143,PAID
5579,McDonald's,686933,McDonald's (24316-HENDERSON),24316,2025-07-28,USD,NULL,0.00,0.00,0.00,0.00,0.00,0.00,0.00,0.00,0.00,0.00,0.00,54.21,54.21,0.00,502063143,PAID
5579,McDonald's,686933,McDonald's (24316-HENDERSON),24316,2025-07-21,USD,Marketplace,10960.20,0.00,-1511.84,0.00,-15.84,-372.79,-186.14,0.00,186.14,0.00,-364.12,143.50,8839.11,-17.50,500278581,PAID
5579,McDonald's,686933,McDonald's (24316-HENDERSON),24316,2025-07-21,USD,NULL,0.00,0.00,0.00,0.00,0.00,0.00,0.00,0.00,0.00,0.00,0.00,45.50,45.50,0.00,500278581,PAID
5579,McDonald's,686933,McDonald's (24316-HENDERSON),24316,2025-07-14,USD,Marketplace,8982.76,0.00,-1211.58,0.00,-9.90,-455.19,-149.14,0.00,149.14,0.00,-133.49,248.59,7421.19,-14.57,498486049,PAID
5579,McDonald's,686933,McDonald's (24316-HENDERSON),24316,2025-07-14,USD,NULL,0.00,0.00,0.00,0.00,0.00,0.00,0.00,0.00,0.00,0.00,0.00,94.26,94.26,0.00,498486049,PAID
5579,McDonald's,686933,McDonald's (24316-HENDERSON),24316,2025-07-07,USD,Marketplace,8717.13,0.00,-1147.47,0.00,-31.91,-687.75,-224.62,0.00,227.82,0.00,-221.90,290.16,6921.46,-14.58,496706322,PAID
5579,McDonald's,686933,McDonald's (24316-HENDERSON),24316,2025-07-07,USD,NULL,0.00,0.00,0.00,0.00,0.00,0.00,0.00,0.00,0.00,0.00,0.00,49.41,49.41,0.00,496706322,PAID
5579,McDonald's,686933,McDonald's (24316-HENDERSON),24316,2025-06-30,USD,Marketplace,10034.71,0.00,-1263.92,0.00,-75.48,-568.45,-255.30,-8.24,313.95,8.24,-121.30,182.79,8247.00,-14.50,494940040,PAID
5579,McDonald's,686933,McDonald's (24316-HENDERSON),24316,2025-06-30,USD,NULL,0.00,0.00,0.00,0.00,0.00,0.00,0.00,0.00,0.00,0.00,0.00,46.95,46.95,0.00,494940040,PAID
5579,McDonald's,686933,McDonald's (24316-HENDERSON),24316,2025-06-23,USD,Marketplace,9609.60,0.00,-1209.89,0.00,-15.84,-495.14,-133.99,0.00,133.99,0.00,-332.01,212.12,7768.84,-14.53,493186499,PAID
5579,McDonald's,686933,McDonald's (24316-HENDERSON),24316,2025-06-23,USD,NULL,0.00,0.00,0.00,0.00,0.00,0.00,0.00,0.00,0.00,0.00,0.00,42.08,42.08,0.00,493186499,PAID
5579,McDonald's,694592,McDonald's (23727-VERMILION),23727,2025-08-18,USD,Marketplace,3085.91,0.00,-354.45,0.00,-9.90,-385.34,-55.45,0.00,55.45,0.00,-58.75,67.47,2344.94,-3.41,507361177,PAID
5579,McDonald's,694592,McDonald's (23727-VERMILION),23727,2025-08-18,USD,Storefront,12.37,0.00,0.00,-0.97,0.00,0.00,0.00,0.00,0.00,0.00,0.00,0.00,11.40,0.00,507361177,PAID
5579,McDonald's,694592,McDonald's (23727-VERMILION),23727,2025-08-18,USD,NULL,0.00,0.00,0.00,0.00,0.00,0.00,0.00,0.00,0.00,0.00,0.00,14.97,14.97,0.00,507361177,PAID
5579,McDonald's,694592,McDonald's (23727-VERMILION),23727,2025-08-11,USD,Marketplace,2994.74,0.00,-381.94,0.00,-16.83,-123.18,-17.60,0.00,17.60,0.00,-17.17,52.65,2508.27,0.00,505615435,PAID
5579,McDonald's,694592,McDonald's (23727-VERMILION),23727,2025-08-11,USD,NULL,0.00,0.00,0.00,0.00,0.00,0.00,0.00,0.00,0.00,0.00,0.00,16.78,16.78,0.00,505615435,PAID
5579,McDonald's,694592,McDonald's (23727-VERMILION),23727,2025-08-04,USD,Marketplace,3355.57,0.00,-395.56,0.00,-133.17,-335.41,-25.00,0.00,65.53,0.00,-49.18,28.29,2511.07,-5.10,503839572,PAID
5579,McDonald's,694592,McDonald's (23727-VERMILION),23727,2025-08-04,USD,NULL,0.00,0.00,0.00,0.00,0.00,0.00,0.00,0.00,0.00,0.00,0.00,16.51,16.51,0.00,503839572,PAID
5579,McDonald's,694592,McDonald's (23727-VERMILION),23727,2025-07-28,USD,Marketplace,3302.12,0.00,-373.56,0.00,-60.39,-452.24,-8.00,0.00,8.00,0.00,-17.89,0.00,2398.04,-6.00,502062775,PAID
5579,McDonald's,694592,McDonald's (23727-VERMILION),23727,2025-07-28,USD,NULL,0.00,0.00,0.00,0.00,0.00,0.00,0.00,0.00,0.00,0.00,0.00,15.67,15.67,0.00,502062775,PAID
5579,McDonald's,694592,McDonald's (23727-VERMILION),23727,2025-07-21,USD,Marketplace,3185.48,0.00,-405.74,0.00,-2.97,-88.49,-39.85,0.00,39.85,0.00,-12.51,20.10,2695.87,-6.93,500273107,PAID
5579,McDonald's,694592,McDonald's (23727-VERMILION),23727,2025-07-21,USD,NULL,0.00,0.00,0.00,0.00,0.00,0.00,0.00,0.00,0.00,0.00,0.00,16.97,16.97,0.00,500273107,PAID
5579,McDonald's,694592,McDonald's (23727-VERMILION),23727,2025-07-14,USD,Marketplace,3402.64,0.00,-425.58,0.00,-4.95,-215.58,-48.22,0.00,48.22,0.00,-16.97,0.00,2739.56,-5.72,498486128,PAID
5579,McDonald's,694592,McDonald's (23727-VERMILION),23727,2025-07-14,USD,NULL,0.00,0.00,0.00,0.00,0.00,0.00,0.00,0.00,0.00,0.00,0.00,11.07,11.07,0.00,498486128,PAID
5579,McDonald's,694592,McDonald's (23727-VERMILION),23727,2025-07-07,USD,Marketplace,3140.41,0.00,-373.55,0.00,-10.89,-278.74,-32.57,0.00,32.57,0.00,-11.07,30.04,2496.20,-7.76,496703175,PAID
5579,McDonald's,694592,McDonald's (23727-VERMILION),23727,2025-07-07,USD,NULL,0.00,0.00,0.00,0.00,0.00,0.00,0.00,0.00,0.00,0.00,0.00,16.71,16.71,0.00,496703175,PAID
5579,McDonald's,694592,McDonald's (23727-VERMILION),23727,2025-06-30,USD,Marketplace,3342.84,0.00,-417.25,0.00,-20.38,-123.70,-57.71,0.00,74.13,0.00,-28.83,45.86,2814.96,-7.55,494941423,PAID
5579,McDonald's,694592,McDonald's (23727-VERMILION),23727,2025-06-30,USD,NULL,0.00,0.00,0.00,0.00,0.00,0.00,0.00,0.00,0.00,0.00,0.00,12.23,12.23,0.00,494941423,PAID
5579,McDonald's,694592,McDonald's (23727-VERMILION),23727,2025-06-23,USD,Marketplace,2446.46,0.00,-311.25,0.00,-1.98,-90.60,-39.38,0.00,39.38,0.00,-35.04,0.00,2007.59,-3.80,493182866,PAID
5579,McDonald's,694592,McDonald's (23727-VERMILION),23727,2025-06-23,USD,NULL,0.00,0.00,0.00,0.00,0.00,0.00,0.00,0.00,0.00,0.00,0.00,14.29,14.29,0.00,493182866,PAID
5579,McDonald's,701236,McDonald's (19593-GRAFTON),19593,2025-08-18,USD,Marketplace,2033.73,0.00,-227.88,0.00,-32.67,-315.55,-10.00,0.00,10.00,0.00,-17.26,0.00,1440.37,-0.93,507356790,PAID
5579,McDonald's,701236,McDonald's (19593-GRAFTON),19593,2025-08-18,USD,NULL,0.00,0.00,0.00,0.00,0.00,0.00,0.00,0.00,0.00,0.00,0.00,6.60,6.60,0.00,507356790,PAID
5579,McDonald's,701236,McDonald's (19593-GRAFTON),19593,2025-08-11,USD,Marketplace,1320.57,0.00,-153.32,0.00,-38.91,-157.48,-0.10,0.00,0.10,0.00,-31.47,65.72,1005.11,0.00,505613145,PAID
5579,McDonald's,701236,McDonald's (19593-GRAFTON),19593,2025-08-11,USD,NULL,0.00,0.00,0.00,0.00,0.00,0.00,0.00,0.00,0.00,0.00,0.00,7.97,7.97,0.00,505613145,PAID
5579,McDonald's,701236,McDonald's (19593-GRAFTON),19593,2025-08-04,USD,Marketplace,1593.42,0.00,-190.28,0.00,-41.60,-178.79,-4.34,0.00,28.12,0.00,-8.21,19.48,1217.80,-4.93,503849632,PAID
5579,McDonald's,701236,McDonald's (19593-GRAFTON),19593,2025-08-04,USD,NULL,0.00,0.00,0.00,0.00,0.00,0.00,0.00,0.00,0.00,0.00,0.00,8.19,8.19,0.00,503849632,PAID
5579,McDonald's,701236,McDonald's (19593-GRAFTON),19593,2025-07-28,USD,Marketplace,1638.10,0.00,-188.70,0.00,-15.84,-217.31,-2.56,0.00,2.56,0.00,-39.32,0.00,1176.93,-1.81,502070098,PAID
5579,McDonald's,701236,McDonald's (19593-GRAFTON),19593,2025-07-28,USD,NULL,0.00,0.00,0.00,0.00,0.00,0.00,0.00,0.00,0.00,0.00,0.00,10.85,10.85,0.00,502070098,PAID
5579,McDonald's,701236,McDonald's (19593-GRAFTON),19593,2025-07-21,USD,Marketplace,2169.68,0.00,-272.45,0.00,-7.92,-83.59,-32.55,0.00,32.55,0.00,-14.65,22.12,1813.19,-3.55,500283626,PAID
5579,McDonald's,701236,McDonald's (19593-GRAFTON),19593,2025-07-21,USD,NULL,0.00,0.00,0.00,0.00,0.00,0.00,0.00,0.00,0.00,0.00,0.00,8.19,8.19,0.00,500283626,PAID
5579,McDonald's,701236,McDonald's (19593-GRAFTON),19593,2025-07-14,USD,Marketplace,1637.44,0.00,-204.70,0.00,-1.98,-97.40,-8.36,0.00,8.36,0.00,-18.42,31.12,1346.06,-2.79,498480545,PAID
5579,McDonald's,701236,McDonald's (19593-GRAFTON),19593,2025-07-14,USD,NULL,0.00,0.00,0.00,0.00,0.00,0.00,0.00,0.00,0.00,0.00,0.00,14.95,14.95,0.00,498480545,PAID
5579,McDonald's,701236,McDonald's (19593-GRAFTON),19593,2025-07-07,USD,Marketplace,1609.15,0.00,-193.99,0.00,-13.12,-119.05,-23.26,0.00,30.44,0.00,-4.16,0.00,1286.01,-2.14,496696892,PAID
5579,McDonald's,701236,McDonald's (19593-GRAFTON),19593,2025-06-30,USD,Marketplace,1169.54,0.00,-145.72,0.00,-17.10,-48.88,-27.30,0.00,40.44,0.00,0.00,3.89,974.87,-0.79,494945066,PAID
5579,McDonald's,701236,McDonald's (19593-GRAFTON),19593,2025-06-30,USD,NULL,0.00,0.00,0.00,0.00,0.00,0.00,0.00,0.00,0.00,0.00,0.00,7.20,7.20,0.00,494945066,PAID
5579,McDonald's,701236,McDonald's (19593-GRAFTON),19593,2025-06-23,USD,Marketplace,1439.68,0.00,-174.70,0.00,-1.98,-69.84,-2.58,0.00,2.58,0.00,-12.84,0.00,1180.32,-1.62,493181072,PAID
5579,McDonald's,701236,McDonald's (19593-GRAFTON),19593,2025-06-23,USD,NULL,0.00,0.00,0.00,0.00,0.00,0.00,0.00,0.00,0.00,0.00,0.00,2.66,2.66,0.00,493181072,PAID
5579,McDonald's,1170166,McDonald's (1568-LAKEWOOD-W 117TH),1568,2025-08-18,USD,Marketplace,12030.13,0.00,-1348.11,0.00,-334.62,-1801.96,-28.81,-24.45,28.81,24.45,-330.93,389.46,8603.97,-5.90,507355976,PAID
5579,McDonald's,1170166,McDonald's (1568-LAKEWOOD-W 117TH),1568,2025-08-18,USD,NULL,0.00,0.00,0.00,0.00,0.00,0.00,0.00,0.00,0.00,0.00,0.00,60.23,60.23,0.00,507355976,PAID
5579,McDonald's,1170166,McDonald's (1568-LAKEWOOD-W 117TH),1568,2025-08-11,USD,Marketplace,12289.45,0.00,-1407.70,0.00,-372.24,-1693.32,-94.36,-18.66,94.36,18.66,-229.67,214.44,8800.96,0.00,505618445,PAID
5579,McDonald's,1170166,McDonald's (1568-LAKEWOOD-W 117TH),1568,2025-08-11,USD,NULL,0.00,0.00,0.00,0.00,0.00,0.00,0.00,0.00,0.00,0.00,0.00,47.11,47.11,0.00,505618445,PAID
5579,McDonald's,1170166,McDonald's (1568-LAKEWOOD-W 117TH),1568,2025-08-04,USD,Marketplace,9282.79,0.00,-1032.41,0.00,-465.99,-1451.27,-51.81,-8.19,134.67,8.19,-251.69,278.83,6443.12,-9.71,503842047,PAID
5579,McDonald's,1170166,McDonald's (1568-LAKEWOOD-W 117TH),1568,2025-08-04,USD,NULL,0.00,0.00,0.00,0.00,0.00,0.00,0.00,0.00,0.00,0.00,0.00,55.37,55.37,0.00,503842047,PAID
5579,McDonald's,1170166,McDonald's (1568-LAKEWOOD-W 117TH),1568,2025-07-28,USD,Marketplace,10813.72,0.00,-1236.79,0.00,-330.66,-1461.99,-58.77,0.00,58.77,0.00,-414.66,375.05,7744.67,-15.65,502062874,PAID
5579,McDonald's,1170166,McDonald's (1568-LAKEWOOD-W 117TH),1568,2025-07-28,USD,NULL,0.00,0.00,0.00,0.00,0.00,0.00,0.00,0.00,0.00,0.00,0.00,70.98,70.98,0.00,502062874,PAID
5579,McDonald's,1170166,McDonald's (1568-LAKEWOOD-W 117TH),1568,2025-07-21,USD,Marketplace,14275.33,0.00,-1762.56,0.00,-19.80,-918.07,-177.67,0.00,177.67,0.00,-404.64,277.12,11447.38,-17.47,500284831,PAID
5579,McDonald's,1170166,McDonald's (1568-LAKEWOOD-W 117TH),1568,2025-07-21,USD,NULL,0.00,0.00,0.00,0.00,0.00,0.00,0.00,0.00,0.00,0.00,0.00,48.51,48.51,0.00,500284831,PAID
5579,McDonald's,1170166,McDonald's (1568-LAKEWOOD-W 117TH),1568,2025-07-14,USD,Marketplace,9873.92,0.00,-1202.64,0.00,-13.86,-737.59,-96.39,0.00,96.39,0.00,-400.89,299.64,7818.58,-15.70,498488223,PAID
5579,McDonald's,1170166,McDonald's (1568-LAKEWOOD-W 117TH),1568,2025-07-14,USD,NULL,0.00,0.00,0.00,0.00,0.00,0.00,0.00,0.00,0.00,0.00,0.00,74.46,74.46,0.00,498488223,PAID
5579,McDonald's,1170166,McDonald's (1568-LAKEWOOD-W 117TH),1568,2025-07-07,USD,Marketplace,10029.36,0.00,-1217.30,0.00,-68.77,-813.60,-164.96,0.00,171.36,0.00,-364.59,437.77,8009.27,-17.07,496695709,PAID
5579,McDonald's,1170166,McDonald's (1568-LAKEWOOD-W 117TH),1568,2025-07-07,USD,NULL,0.00,0.00,0.00,0.00,0.00,0.00,0.00,0.00,0.00,0.00,0.00,50.23,50.23,0.00,496695709,PAID
5579,McDonald's,1170166,McDonald's (1568-LAKEWOOD-W 117TH),1568,2025-06-30,USD,Marketplace,9890.36,0.00,-1211.06,0.00,-46.39,-653.39,-89.23,0.00,114.83,0.00,-351.38,323.62,7977.36,-13.31,494938835,PAID
5579,McDonald's,1170166,McDonald's (1568-LAKEWOOD-W 117TH),1568,2025-06-30,USD,NULL,0.00,0.00,0.00,0.00,0.00,0.00,0.00,0.00,0.00,0.00,0.00,53.21,53.21,0.00,494938835,PAID
5579,McDonald's,1170166,McDonald's (1568-LAKEWOOD-W 117TH),1568,2025-06-23,USD,Marketplace,10698.13,0.00,-1337.77,0.00,-18.81,-550.40,-59.50,0.00,59.50,0.00,-191.16,175.87,8775.86,-18.01,493179619,PAID
5579,McDonald's,1170166,McDonald's (1568-LAKEWOOD-W 117TH),1568,2025-06-23,USD,NULL,0.00,0.00,0.00,0.00,0.00,0.00,0.00,0.00,0.00,0.00,0.00,48.23,48.23,0.00,493179619,PAID
5579,McDonald's,1170194,McDonald's (7988-NORWALK-MILAN),7988,2025-08-18,USD,Marketplace,6042.67,0.00,-688.10,0.00,-76.23,-831.34,-21.90,-19.69,21.90,19.69,-14.71,17.92,4450.21,-6.66,507361926,PAID
5579,McDonald's,1170194,McDonald's (7988-NORWALK-MILAN),7988,2025-08-18,USD,NULL,0.00,0.00,0.00,0.00,0.00,0.00,0.00,0.00,0.00,0.00,0.00,26.39,26.39,0.00,507361926,PAID
5579,McDonald's,1170194,McDonald's (7988-NORWALK-MILAN),7988,2025-08-11,USD,Marketplace,5278.77,0.00,-618.67,0.00,-148.50,-550.10,-14.08,0.00,14.08,0.00,-37.81,0.00,3923.69,0.00,505615990,PAID
5579,McDonald's,1170194,McDonald's (7988-NORWALK-MILAN),7988,2025-08-11,USD,NULL,0.00,0.00,0.00,0.00,0.00,0.00,0.00,0.00,0.00,0.00,0.00,30.59,30.59,0.00,505615990,PAID
5579,McDonald's,1170194,McDonald's (7988-NORWALK-MILAN),7988,2025-08-04,USD,Marketplace,6117.67,0.00,-712.21,0.00,-176.21,-680.19,-56.49,-21.07,146.57,21.07,-67.06,32.06,4604.14,-7.76,503849033,PAID
5579,McDonald's,1170194,McDonald's (7988-NORWALK-MILAN),7988,2025-08-04,USD,NULL,0.00,0.00,0.00,0.00,0.00,0.00,0.00,0.00,0.00,0.00,0.00,34.82,34.82,0.00,503849033,PAID
5579,McDonald's,1170194,McDonald's (7988-NORWALK-MILAN),7988,2025-07-28,USD,Marketplace,6952.01,0.00,-823.78,0.00,-65.34,-721.84,-22.63,0.00,22.63,0.00,-92.22,31.72,5280.55,-16.31,502074296,PAID
5579,McDonald's,1170194,McDonald's (7988-NORWALK-MILAN),7988,2025-07-28,USD,NULL,0.00,0.00,0.00,0.00,0.00,0.00,0.00,0.00,0.00,0.00,0.00,21.92,21.92,0.00,502074296,PAID
5579,McDonald's,1170194,McDonald's (7988-NORWALK-MILAN),7988,2025-07-21,USD,Marketplace,5186.72,0.00,-654.74,0.00,-6.93,-222.42,-79.78,0.00,79.78,0.00,-16.92,7.00,4292.71,-13.20,500285567,PAID
5579,McDonald's,1170194,McDonald's (7988-NORWALK-MILAN),7988,2025-07-21,USD,NULL,0.00,0.00,0.00,0.00,0.00,0.00,0.00,0.00,0.00,0.00,0.00,33.14,33.14,0.00,500285567,PAID
5579,McDonald's,1170194,McDonald's (7988-NORWALK-MILAN),7988,2025-07-14,USD,Marketplace,6628.82,0.00,-801.16,0.00,-8.91,-516.85,-43.50,0.00,43.50,0.00,-53.06,101.83,5350.67,-13.67,498481765,PAID
5579,McDonald's,1170194,McDonald's (7988-NORWALK-MILAN),7988,2025-07-14,USD,NULL,0.00,0.00,0.00,0.00,0.00,0.00,0.00,0.00,0.00,0.00,0.00,69.79,69.79,0.00,498481765,PAID
5579,McDonald's,1170194,McDonald's (7988-NORWALK-MILAN),7988,2025-07-07,USD,Marketplace,6255.14,0.00,-744.52,0.00,-23.76,-625.39,-142.91,0.00,142.91,0.00,-145.31,62.62,4778.78,-14.30,496703987,PAID
5579,McDonald's,1170194,McDonald's (7988-NORWALK-MILAN),7988,2025-07-07,USD,NULL,0.00,0.00,0.00,0.00,0.00,0.00,0.00,0.00,0.00,0.00,0.00,26.11,26.11,0.00,496703987,PAID
5579,McDonald's,1170194,McDonald's (7988-NORWALK-MILAN),7988,2025-06-30,USD,Marketplace,5222.40,0.00,-658.12,0.00,-28.34,-224.00,-77.41,0.00,99.81,0.00,-23.52,47.95,4358.77,-11.18,494946093,PAID
5579,McDonald's,1170194,McDonald's (7988-NORWALK-MILAN),7988,2025-06-30,USD,NULL,0.00,0.00,0.00,0.00,0.00,0.00,0.00,0.00,0.00,0.00,0.00,14.77,14.77,0.00,494946093,PAID
5579,McDonald's,1170194,McDonald's (7988-NORWALK-MILAN),7988,2025-06-23,USD,Marketplace,5171.52,0.00,-667.85,0.00,-5.94,-147.46,-64.92,-15.00,64.92,15.00,-14.77,9.36,4344.86,-13.77,493184567,PAID
5579,McDonald's,1170194,McDonald's (7988-NORWALK-MILAN),7988,2025-06-23,USD,NULL,0.00,0.00,0.00,0.00,0.00,0.00,0.00,0.00,0.00,0.00,0.00,28.64,28.64,0.00,493184567,PAID
5579,McDonald's,2108398,McDonald's (817-N OLMSTED-LORAIN),817,2025-08-18,USD,Marketplace,7670.54,0.00,-868.10,0.00,-63.36,-1099.97,-16.95,0.00,16.95,0.00,-237.97,154.12,5555.26,-7.63,507361211,PAID
5579,McDonald's,2108398,McDonald's (817-N OLMSTED-LORAIN),817,2025-08-18,USD,Storefront,31.25,0.00,0.00,-2.16,0.00,0.00,0.00,0.00,0.00,0.00,0.00,0.00,29.09,0.00,507361211,PAID
5579,McDonald's,2108398,McDonald's (817-N OLMSTED-LORAIN),817,2025-08-18,USD,NULL,0.00,0.00,0.00,0.00,0.00,0.00,0.00,0.00,0.00,0.00,0.00,38.59,38.59,0.00,507361211,PAID
5579,McDonald's,2108398,McDonald's (817-N OLMSTED-LORAIN),817,2025-08-11,USD,Marketplace,7775.60,0.00,-929.13,0.00,-113.85,-773.52,-19.22,-25.63,19.22,25.63,-115.37,76.24,5919.97,0.00,505612925,PAID
5579,McDonald's,2108398,McDonald's (817-N OLMSTED-LORAIN),817,2025-08-11,USD,NULL,0.00,0.00,0.00,0.00,0.00,0.00,0.00,0.00,0.00,0.00,0.00,43.10,43.10,0.00,505612925,PAID
5579,McDonald's,2108398,McDonald's (817-N OLMSTED-LORAIN),817,2025-08-04,USD,Marketplace,8628.87,0.00,-990.99,0.00,-410.09,-1213.16,-30.60,0.00,128.84,0.00,-194.84,108.55,6026.58,-10.30,503849112,PAID
5579,McDonald's,2108398,McDonald's (817-N OLMSTED-LORAIN),817,2025-08-04,USD,NULL,0.00,0.00,0.00,0.00,0.00,0.00,0.00,0.00,0.00,0.00,0.00,37.27,37.27,0.00,503849112,PAID
5579,McDonald's,2108398,McDonald's (817-N OLMSTED-LORAIN),817,2025-07-28,USD,Marketplace,7434.58,0.00,-843.45,0.00,-223.77,-1064.19,-38.88,0.00,38.88,0.00,-188.30,141.01,5255.88,-14.22,502066648,PAID
5579,McDonald's,2108398,McDonald's (817-N OLMSTED-LORAIN),817,2025-07-28,USD,NULL,0.00,0.00,0.00,0.00,0.00,0.00,0.00,0.00,0.00,0.00,0.00,38.59,38.59,0.00,502066648,PAID
5579,McDonald's,2108398,McDonald's (817-N OLMSTED-LORAIN),817,2025-07-21,USD,Marketplace,7675.80,0.00,-947.03,0.00,-12.87,-486.53,-114.21,0.00,114.21,0.00,-127.50,163.32,6265.19,-22.73,500276222,PAID
5579,McDonald's,2108398,McDonald's (817-N OLMSTED-LORAIN),817,2025-07-21,USD,NULL,0.00,0.00,0.00,0.00,0.00,0.00,0.00,0.00,0.00,0.00,0.00,41.07,41.07,0.00,500276222,PAID
5579,McDonald's,2108398,McDonald's (817-N OLMSTED-LORAIN),817,2025-07-14,USD,Marketplace,8275.72,0.00,-1011.34,0.00,-12.87,-670.52,-92.37,0.00,92.37,0.00,-95.30,45.97,6531.66,-23.22,498483504,PAID
5579,McDonald's,2108398,McDonald's (817-N OLMSTED-LORAIN),817,2025-07-14,USD,NULL,0.00,0.00,0.00,0.00,0.00,0.00,0.00,0.00,0.00,0.00,0.00,31.85,31.85,0.00,498483504,PAID
5579,McDonald's,2108398,McDonald's (817-N OLMSTED-LORAIN),817,2025-07-07,USD,Marketplace,6363.09,0.00,-750.47,0.00,-39.60,-677.52,-93.90,0.00,93.90,0.00,-121.82,120.53,4894.21,-13.38,496705157,PAID
5579,McDonald's,2108398,McDonald's (817-N OLMSTED-LORAIN),817,2025-07-07,USD,NULL,0.00,0.00,0.00,0.00,0.00,0.00,0.00,0.00,0.00,0.00,0.00,31.50,31.50,0.00,496705157,PAID
5579,McDonald's,2108398,McDonald's (817-N OLMSTED-LORAIN),817,2025-06-30,USD,Marketplace,6230.81,0.00,-786.60,0.00,-18.74,-319.42,-125.25,0.00,138.05,0.00,-121.98,170.67,5167.54,-17.38,494935529,PAID
5579,McDonald's,2108398,McDonald's (817-N OLMSTED-LORAIN),817,2025-06-30,USD,NULL,0.00,0.00,0.00,0.00,0.00,0.00,0.00,0.00,0.00,0.00,0.00,33.69,33.69,0.00,494935529,PAID
5579,McDonald's,2108398,McDonald's (817-N OLMSTED-LORAIN),817,2025-06-23,USD,Marketplace,6846.50,0.00,-845.96,0.00,-11.88,-451.28,-68.14,0.00,68.14,0.00,-137.56,123.25,5523.07,-18.18,493185156,PAID
5579,McDonald's,2108398,McDonald's (817-N OLMSTED-LORAIN),817,2025-06-23,USD,NULL,0.00,0.00,0.00,0.00,0.00,0.00,0.00,0.00,0.00,0.00,0.00,30.41,30.41,0.00,493185156,PAID
5579,McDonald's,2110005,McDonald's (16875-N RIDGEVILLE),16875,2025-08-18,USD,Marketplace,9033.66,0.00,-1005.89,0.00,-176.04,-1434.57,-9.49,0.00,9.49,0.00,-133.48,268.62,6552.30,-7.19,507366679,PAID
5579,McDonald's,2110005,McDonald's (16875-N RIDGEVILLE),16875,2025-08-18,USD,NULL,0.00,0.00,0.00,0.00,0.00,0.00,0.00,0.00,0.00,0.00,0.00,39.08,39.08,0.00,507366679,PAID
5579,McDonald's,2110005,McDonald's (16875-N RIDGEVILLE),16875,2025-08-11,USD,Marketplace,7849.10,0.00,-894.87,0.00,-296.01,-1078.10,-36.16,0.00,36.16,0.00,-74.26,110.31,5616.17,0.00,505615559,PAID
5579,McDonald's,2110005,McDonald's (16875-N RIDGEVILLE),16875,2025-08-11,USD,NULL,0.00,0.00,0.00,0.00,0.00,0.00,0.00,0.00,0.00,0.00,0.00,49.44,49.44,0.00,505615559,PAID
5579,McDonald's,2110005,McDonald's (16875-N RIDGEVILLE),16875,2025-08-04,USD,Marketplace,9876.01,0.00,-1172.40,0.00,-169.78,-1004.45,-50.57,0.00,111.45,0.00,-123.81,184.12,7650.57,-10.90,503844227,PAID
5579,McDonald's,2110005,McDonald's (16875-N RIDGEVILLE),16875,2025-08-04,USD,NULL,0.00,0.00,0.00,0.00,0.00,0.00,0.00,0.00,0.00,0.00,0.00,40.35,40.35,0.00,503844227,PAID
5579,McDonald's,2110005,McDonald's (16875-N RIDGEVILLE),16875,2025-07-28,USD,Marketplace,8012.85,0.00,-969.17,0.00,-70.29,-699.97,-61.07,0.00,61.07,0.00,-83.18,89.08,6279.32,-15.19,502071393,PAID
5579,McDonald's,2110005,McDonald's (16875-N RIDGEVILLE),16875,2025-07-28,USD,NULL,0.00,0.00,0.00,0.00,0.00,0.00,0.00,0.00,0.00,0.00,0.00,44.96,44.96,0.00,502071393,PAID
5579,McDonald's,2110005,McDonald's (16875-N RIDGEVILLE),16875,2025-07-21,USD,Marketplace,8844.69,0.00,-1097.58,0.00,-12.87,-494.61,-57.47,0.00,57.47,0.00,-70.37,87.15,7256.41,-17.03,500280996,PAID
5579,McDonald's,2110005,McDonald's (16875-N RIDGEVILLE),16875,2025-07-21,USD,NULL,0.00,0.00,0.00,0.00,0.00,0.00,0.00,0.00,0.00,0.00,0.00,42.62,42.62,0.00,500280996,PAID
5579,McDonald's,2110005,McDonald's (16875-N RIDGEVILLE),16875,2025-07-14,USD,Marketplace,8781.93,0.00,-1051.43,0.00,-11.88,-760.96,-68.08,0.00,68.08,0.00,-124.80,69.62,6902.48,-13.98,498487053,PAID
5579,McDonald's,2110005,McDonald's (16875-N RIDGEVILLE),16875,2025-07-14,USD,NULL,0.00,0.00,0.00,0.00,0.00,0.00,0.00,0.00,0.00,0.00,0.00,39.14,39.14,0.00,498487053,PAID
5579,McDonald's,2110005,McDonald's (16875-N RIDGEVILLE),16875,2025-07-07,USD,Marketplace,7777.40,0.00,-950.64,0.00,-47.37,-619.21,-183.23,0.00,192.98,0.00,-42.88,78.95,6206.00,-14.34,496703863,PAID
5579,McDonald's,2110005,McDonald's (16875-N RIDGEVILLE),16875,2025-07-07,USD,NULL,0.00,0.00,0.00,0.00,0.00,0.00,0.00,0.00,0.00,0.00,0.00,35.34,35.34,0.00,496703863,PAID
5579,McDonald's,2110005,McDonald's (16875-N RIDGEVILLE),16875,2025-06-30,USD,Marketplace,7020.73,0.00,-881.89,0.00,-21.71,-365.34,-74.26,0.00,87.06,0.00,-96.98,139.73,5807.34,-13.89,494938969,PAID
5579,McDonald's,2110005,McDonald's (16875-N RIDGEVILLE),16875,2025-06-30,USD,NULL,0.00,0.00,0.00,0.00,0.00,0.00,0.00,0.00,0.00,0.00,0.00,33.37,33.37,0.00,494938969,PAID
5579,McDonald's,2110005,McDonald's (16875-N RIDGEVILLE),16875,2025-06-23,USD,Marketplace,6603.32,0.00,-832.08,0.00,-2.97,-296.73,-38.16,0.00,38.16,0.00,-139.90,84.43,5416.07,-10.99,493178559,PAID
5579,McDonald's,2110005,McDonald's (16875-N RIDGEVILLE),16875,2025-06-23,USD,NULL,0.00,0.00,0.00,0.00,0.00,0.00,0.00,0.00,0.00,0.00,0.00,35.31,35.31,0.00,493178559,PAID
5579,McDonald's,2110169,McDonald's (34162-NORTH RIDGEVILLE),34162,2025-08-18,USD,Marketplace,6198.92,0.00,-713.22,0.00,-37.62,-866.68,-15.04,0.00,15.04,0.00,-60.75,34.37,4555.02,-6.22,507357777,PAID
5579,McDonald's,2110169,McDonald's (34162-NORTH RIDGEVILLE),34162,2025-08-18,USD,Storefront,28.06,0.00,0.00,-1.50,0.00,0.00,0.00,0.00,0.00,0.00,0.00,0.00,26.56,0.00,507357777,PAID
5579,McDonald's,2110169,McDonald's (34162-NORTH RIDGEVILLE),34162,2025-08-18,USD,NULL,0.00,0.00,0.00,0.00,0.00,0.00,0.00,0.00,0.00,0.00,0.00,31.48,31.48,0.00,507357777,PAID
5579,McDonald's,2110169,McDonald's (34162-NORTH RIDGEVILLE),34162,2025-08-11,USD,Marketplace,6260.95,0.00,-781.32,0.00,-49.50,-372.58,-13.80,0.00,13.80,0.00,-70.46,20.11,5007.20,0.00,505614097,PAID
5579,McDonald's,2110169,McDonald's (34162-NORTH RIDGEVILLE),34162,2025-08-11,USD,Storefront,34.22,0.00,0.00,-1.74,0.00,0.00,0.00,0.00,0.00,0.00,0.00,0.00,32.48,0.00,505614097,PAID
5579,McDonald's,2110169,McDonald's (34162-NORTH RIDGEVILLE),34162,2025-08-11,USD,NULL,0.00,0.00,0.00,0.00,0.00,0.00,0.00,0.00,0.00,0.00,0.00,25.39,25.39,0.00,505614097,PAID
5579,McDonald's,2110169,McDonald's (34162-NORTH RIDGEVILLE),34162,2025-08-04,USD,Marketplace,5077.12,0.00,-592.38,0.00,-188.30,-687.44,-35.93,0.00,92.56,0.00,-41.29,6.51,3630.85,-7.10,503847690,PAID
5579,McDonald's,2110169,McDonald's (34162-NORTH RIDGEVILLE),34162,2025-08-04,USD,NULL,0.00,0.00,0.00,0.00,0.00,0.00,0.00,0.00,0.00,0.00,0.00,27.81,27.81,0.00,503847690,PAID
5579,McDonald's,2110169,McDonald's (34162-NORTH RIDGEVILLE),34162,2025-07-28,USD,Marketplace,5561.15,0.00,-636.53,0.00,-128.70,-744.53,-28.82,0.00,28.82,0.00,-45.98,6.51,4011.92,-12.18,502068290,PAID
5579,McDonald's,2110169,McDonald's (34162-NORTH RIDGEVILLE),34162,2025-07-28,USD,NULL,0.00,0.00,0.00,0.00,0.00,0.00,0.00,0.00,0.00,0.00,0.00,25.72,25.72,0.00,502068290,PAID
5579,McDonald's,2110169,McDonald's (34162-NORTH RIDGEVILLE),34162,2025-07-21,USD,Marketplace,5144.82,0.00,-658.57,0.00,-6.93,-226.51,-42.21,0.00,42.21,0.00,-26.08,7.20,4233.93,-8.77,500273073,PAID
5579,McDonald's,2110169,McDonald's (34162-NORTH RIDGEVILLE),34162,2025-07-21,USD,NULL,0.00,0.00,0.00,0.00,0.00,0.00,0.00,0.00,0.00,0.00,0.00,26.79,26.79,0.00,500273073,PAID
5579,McDonald's,2110169,McDonald's (34162-NORTH RIDGEVILLE),34162,2025-07-14,USD,Marketplace,5357.68,0.00,-653.87,0.00,-3.96,-412.42,-45.09,0.00,45.09,0.00,-51.78,47.07,4282.72,-11.48,498481791,PAID
5579,McDonald's,2110169,McDonald's (34162-NORTH RIDGEVILLE),34162,2025-07-14,USD,NULL,0.00,0.00,0.00,0.00,0.00,0.00,0.00,0.00,0.00,0.00,0.00,53.36,53.36,0.00,498481791,PAID
5579,McDonald's,2110169,McDonald's (34162-NORTH RIDGEVILLE),34162,2025-07-07,USD,Marketplace,4872.31,0.00,-590.45,0.00,-23.99,-472.57,-38.78,0.00,41.98,0.00,-51.11,26.12,3763.51,-7.57,496707876,PAID
5579,McDonald's,2110169,McDonald's (34162-NORTH RIDGEVILLE),34162,2025-07-07,USD,NULL,0.00,0.00,0.00,0.00,0.00,0.00,0.00,0.00,0.00,0.00,0.00,26.36,26.36,0.00,496707876,PAID
5579,McDonald's,2110169,McDonald's (34162-NORTH RIDGEVILLE),34162,2025-06-30,USD,Marketplace,5271.20,0.00,-658.76,0.00,-16.16,-231.79,-60.73,0.00,73.92,0.00,-134.21,78.81,4322.28,-9.79,494942267,PAID
5579,McDonald's,2110169,McDonald's (34162-NORTH RIDGEVILLE),34162,2025-06-30,USD,NULL,0.00,0.00,0.00,0.00,0.00,0.00,0.00,0.00,0.00,0.00,0.00,26.44,26.44,0.00,494942267,PAID
5579,McDonald's,2110169,McDonald's (34162-NORTH RIDGEVILLE),34162,2025-06-23,USD,Marketplace,5287.24,0.00,-667.98,0.00,-4.95,-279.99,-17.97,0.00,17.97,0.00,-68.03,28.08,4294.37,-9.33,493186588,PAID
5579,McDonald's,2110169,McDonald's (34162-NORTH RIDGEVILLE),34162,2025-06-23,USD,NULL,0.00,0.00,0.00,0.00,0.00,0.00,0.00,0.00,0.00,0.00,0.00,26.80,26.80,0.00,493186588,PAID
5579,McDonald's,2122176,McDonald's (174-FAIRVIEW PK-LRAN),174,2025-08-18,USD,Marketplace,3866.95,0.00,-434.00,0.00,-41.58,-603.43,-1.49,0.00,1.49,0.00,-88.23,55.60,2755.31,-4.12,507362692,PAID
5579,McDonald's,2122176,McDonald's (174-FAIRVIEW PK-LRAN),174,2025-08-18,USD,Storefront,8.39,0.00,0.00,-0.83,0.00,0.00,0.00,0.00,0.00,0.00,0.00,0.00,7.56,0.00,507362692,PAID
5579,McDonald's,2122176,McDonald's (174-FAIRVIEW PK-LRAN),174,2025-08-18,USD,NULL,0.00,0.00,0.00,0.00,0.00,0.00,0.00,0.00,0.00,0.00,0.00,11.91,11.91,0.00,507362692,PAID
5579,McDonald's,2122176,McDonald's (174-FAIRVIEW PK-LRAN),174,2025-08-11,USD,Marketplace,3983.94,0.00,-465.97,0.00,-63.36,-427.18,-19.23,-19.47,19.23,19.47,-11.91,57.43,3072.95,0.00,505611339,PAID
5579,McDonald's,2122176,McDonald's (174-FAIRVIEW PK-LRAN),174,2025-08-11,USD,NULL,0.00,0.00,0.00,0.00,0.00,0.00,0.00,0.00,0.00,0.00,0.00,18.46,18.46,0.00,505611339,PAID
5579,McDonald's,2122176,McDonald's (174-FAIRVIEW PK-LRAN),174,2025-08-04,USD,Marketplace,3691.17,0.00,-422.99,0.00,-186.23,-497.32,-4.29,-13.74,45.98,13.74,-52.01,22.19,2596.50,-4.82,503852472,PAID
5579,McDonald's,2122176,McDonald's (174-FAIRVIEW PK-LRAN),174,2025-08-04,USD,NULL,0.00,0.00,0.00,0.00,0.00,0.00,0.00,0.00,0.00,0.00,0.00,20.35,20.35,0.00,503852472,PAID
5579,McDonald's,2122176,McDonald's (174-FAIRVIEW PK-LRAN),174,2025-07-28,USD,Marketplace,4070.23,0.00,-456.49,0.00,-120.78,-543.27,0.00,0.00,0.00,0.00,-21.99,25.99,2953.69,-10.60,502071742,PAID
5579,McDonald's,2122176,McDonald's (174-FAIRVIEW PK-LRAN),174,2025-07-28,USD,NULL,0.00,0.00,0.00,0.00,0.00,0.00,0.00,0.00,0.00,0.00,0.00,19.38,19.38,0.00,502071742,PAID
5579,McDonald's,2122176,McDonald's (174-FAIRVIEW PK-LRAN),174,2025-07-21,USD,Marketplace,3875.41,0.00,-487.22,0.00,-4.95,-180.34,-13.36,0.00,13.36,0.00,-29.15,69.81,3243.56,-6.74,500276249,PAID
5579,McDonald's,2122176,McDonald's (174-FAIRVIEW PK-LRAN),174,2025-07-21,USD,NULL,0.00,0.00,0.00,0.00,0.00,0.00,0.00,0.00,0.00,0.00,0.00,18.78,18.78,0.00,500276249,PAID
5579,McDonald's,2122176,McDonald's (174-FAIRVIEW PK-LRAN),174,2025-07-14,USD,Marketplace,3756.93,0.00,-467.57,0.00,-6.93,-266.67,-35.34,0.00,35.34,0.00,-40.45,15.39,2990.70,-7.28,498483640,PAID
5579,McDonald's,2122176,McDonald's (174-FAIRVIEW PK-LRAN),174,2025-07-14,USD,NULL,0.00,0.00,0.00,0.00,0.00,0.00,0.00,0.00,0.00,0.00,0.00,11.31,11.31,0.00,498483640,PAID
5579,McDonald's,2122176,McDonald's (174-FAIRVIEW PK-LRAN),174,2025-07-07,USD,Marketplace,3242.00,0.00,-396.49,0.00,-9.90,-247.30,-34.74,0.00,34.74,0.00,-11.31,9.35,2586.35,-7.60,496701378,PAID
5579,McDonald's,2122176,McDonald's (174-FAIRVIEW PK-LRAN),174,2025-07-07,USD,NULL,0.00,0.00,0.00,0.00,0.00,0.00,0.00,0.00,0.00,0.00,0.00,5.48,5.48,0.00,496701378,PAID
5579,McDonald's,2122176,McDonald's (174-FAIRVIEW PK-LRAN),174,2025-06-30,USD,Marketplace,3588.15,0.00,-438.51,0.00,-26.64,-205.57,-45.63,0.00,65.34,0.00,-5.48,0.00,2931.66,-9.28,494941163,PAID
5579,McDonald's,2122176,McDonald's (174-FAIRVIEW PK-LRAN),174,2025-06-30,USD,NULL,0.00,0.00,0.00,0.00,0.00,0.00,0.00,0.00,0.00,0.00,0.00,16.83,16.83,0.00,494941163,PAID
5579,McDonald's,2122176,McDonald's (174-FAIRVIEW PK-LRAN),174,2025-06-23,USD,Marketplace,3365.55,0.00,-423.10,0.00,-6.93,-158.87,-10.37,0.00,10.37,0.00,-41.32,32.74,2768.07,-8.17,493176947,PAID
5579,McDonald's,2122176,McDonald's (174-FAIRVIEW PK-LRAN),174,2025-06-23,USD,NULL,0.00,0.00,0.00,0.00,0.00,0.00,0.00,0.00,0.00,0.00,0.00,16.71,16.71,0.00,493176947,PAID
5579,McDonald's,2297296,McDonald's (5540 - WILLARD-WALTON),5540,2025-08-18,USD,Marketplace,5120.30,0.00,-620.75,0.00,-49.50,-749.08,-43.92,0.00,43.92,0.00,-23.97,20.85,3697.85,-6.71,507366185,PAID
5579,McDonald's,2297296,McDonald's (5540 - WILLARD-WALTON),5540,2025-08-18,USD,NULL,0.00,0.00,0.00,0.00,0.00,0.00,0.00,0.00,0.00,0.00,0.00,24.25,24.25,0.00,507366185,PAID
5579,McDonald's,2297296,McDonald's (5540 - WILLARD-WALTON),5540,2025-08-11,USD,Marketplace,4849.79,0.00,-614.50,0.00,-76.23,-532.29,-13.41,-7.43,13.41,7.43,-33.51,23.36,3616.62,0.00,505620869,PAID
5579,McDonald's,2297296,McDonald's (5540 - WILLARD-WALTON),5540,2025-08-11,USD,NULL,0.00,0.00,0.00,0.00,0.00,0.00,0.00,0.00,0.00,0.00,0.00,25.68,25.68,0.00,505620869,PAID
5579,McDonald's,2297296,McDonald's (5540 - WILLARD-WALTON),5540,2025-08-04,USD,Marketplace,5136.54,0.00,-610.76,0.00,-235.72,-774.39,-13.64,0.00,74.13,0.00,-42.91,37.86,3571.11,-3.94,503853491,PAID
5579,McDonald's,2297296,McDonald's (5540 - WILLARD-WALTON),5540,2025-08-04,USD,NULL,0.00,0.00,0.00,0.00,0.00,0.00,0.00,0.00,0.00,0.00,0.00,24.69,24.69,0.00,503853491,PAID
5579,McDonald's,2297296,McDonald's (5540 - WILLARD-WALTON),5540,2025-07-28,USD,Marketplace,4937.42,0.00,-585.12,0.00,-122.76,-790.28,-41.07,0.00,41.07,0.00,-47.03,10.82,3403.05,-10.76,502062911,PAID
5579,McDonald's,2297296,McDonald's (5540 - WILLARD-WALTON),5540,2025-07-28,USD,NULL,0.00,0.00,0.00,0.00,0.00,0.00,0.00,0.00,0.00,0.00,0.00,23.03,23.03,0.00,502062911,PAID
5579,McDonald's,2297296,McDonald's (5540 - WILLARD-WALTON),5540,2025-07-21,USD,Marketplace,4606.14,0.00,-632.48,0.00,-1.98,-152.45,-54.35,0.00,54.35,0.00,-62.26,26.82,3783.79,-11.87,500284131,PAID
5579,McDonald's,2297296,McDonald's (5540 - WILLARD-WALTON),5540,2025-07-21,USD,NULL,0.00,0.00,0.00,0.00,0.00,0.00,0.00,0.00,0.00,0.00,0.00,27.24,27.24,0.00,500284131,PAID
5579,McDonald's,2297296,McDonald's (5540 - WILLARD-WALTON),5540,2025-07-14,USD,Marketplace,5448.72,0.00,-713.62,0.00,-9.90,-370.68,-66.50,0.00,66.50,0.00,-75.75,0.00,4278.77,-12.02,498488278,PAID
5579,McDonald's,2297296,McDonald's (5540 - WILLARD-WALTON),5540,2025-07-14,USD,NULL,0.00,0.00,0.00,0.00,0.00,0.00,0.00,0.00,0.00,0.00,0.00,24.02,24.02,0.00,498488278,PAID
5579,McDonald's,2297296,McDonald's (5540 - WILLARD-WALTON),5540,2025-07-07,USD,Marketplace,4803.17,0.00,-604.45,0.00,-22.77,-429.63,-52.36,0.00,52.36,0.00,-48.49,23.30,3721.13,-13.46,496696296,PAID
5579,McDonald's,2297296,McDonald's (5540 - WILLARD-WALTON),5540,2025-07-07,USD,NULL,0.00,0.00,0.00,0.00,0.00,0.00,0.00,0.00,0.00,0.00,0.00,21.90,21.90,0.00,496696296,PAID
5579,McDonald's,2297296,McDonald's (5540 - WILLARD-WALTON),5540,2025-06-30,USD,Marketplace,4380.64,0.00,-544.97,0.00,-22.03,-184.80,-84.56,0.00,100.65,0.00,-66.48,10.77,3589.22,-13.40,494946446,PAID
5579,McDonald's,2297296,McDonald's (5540 - WILLARD-WALTON),5540,2025-06-30,USD,NULL,0.00,0.00,0.00,0.00,0.00,0.00,0.00,0.00,0.00,0.00,0.00,20.89,20.89,0.00,494946446,PAID
5579,McDonald's,2297296,McDonald's (5540 - WILLARD-WALTON),5540,2025-06-23,USD,Marketplace,4178.10,0.00,-525.98,0.00,-1.98,-173.12,-45.20,0.00,45.20,0.00,-37.92,67.72,3506.82,-8.34,493181055,PAID
5579,McDonald's,2297296,McDonald's (5540 - WILLARD-WALTON),5540,2025-06-23,USD,NULL,0.00,0.00,0.00,0.00,0.00,0.00,0.00,0.00,0.00,0.00,0.00,15.14,15.14,0.00,493181055,PAID
5579,McDonald's,23000171,McDonald's (6106-HURON-CLEVELAND),6106,2025-08-18,USD,Marketplace,1454.54,0.00,-163.38,0.00,-17.82,-182.71,0.00,0.00,0.00,0.00,-26.10,7.41,1071.94,-0.89,507363831,PAID
5579,McDonald's,23000171,McDonald's (6106-HURON-CLEVELAND),6106,2025-08-18,USD,NULL,0.00,0.00,0.00,0.00,0.00,0.00,0.00,0.00,0.00,0.00,0.00,5.26,5.26,0.00,507363831,PAID
5579,McDonald's,23000171,McDonald's (6106-HURON-CLEVELAND),6106,2025-08-11,USD,Marketplace,1051.42,0.00,-118.70,0.00,-36.63,-113.92,-2.88,0.00,2.88,0.00,-18.41,0.00,763.76,0.00,505611773,PAID
5579,McDonald's,23000171,McDonald's (6106-HURON-CLEVELAND),6106,2025-08-04,USD,Marketplace,1500.43,0.00,-176.11,0.00,-29.39,-141.79,-1.00,0.00,15.54,0.00,0.00,0.00,1167.68,-1.24,503850507,PAID
5579,McDonald's,23000171,McDonald's (6106-HURON-CLEVELAND),6106,2025-08-04,USD,NULL,0.00,0.00,0.00,0.00,0.00,0.00,0.00,0.00,0.00,0.00,0.00,7.89,7.89,0.00,503850507,PAID
5579,McDonald's,23000171,McDonald's (6106-HURON-CLEVELAND),6106,2025-07-28,USD,Marketplace,1719.67,0.00,-202.46,0.00,-13.86,-166.30,-16.11,0.00,16.11,0.00,-3.59,28.58,1362.04,-1.85,502073067,PAID
5579,McDonald's,23000171,McDonald's (6106-HURON-CLEVELAND),6106,2025-07-28,USD,NULL,0.00,0.00,0.00,0.00,0.00,0.00,0.00,0.00,0.00,0.00,0.00,5.00,5.00,0.00,502073067,PAID
5579,McDonald's,23000171,McDonald's (6106-HURON-CLEVELAND),6106,2025-07-21,USD,Marketplace,1539.50,0.00,-193.56,0.00,0.00,-50.31,-27.76,0.00,27.76,0.00,-9.30,0.00,1286.33,-4.74,500280319,PAID
5579,McDonald's,23000171,McDonald's (6106-HURON-CLEVELAND),6106,2025-07-21,USD,NULL,0.00,0.00,0.00,0.00,0.00,0.00,0.00,0.00,0.00,0.00,0.00,11.78,11.78,0.00,500280319,PAID
5579,McDonald's,23000171,McDonald's (6106-HURON-CLEVELAND),6106,2025-07-14,USD,Marketplace,2356.30,0.00,-274.12,0.00,-4.95,-269.90,-46.18,0.00,46.18,0.00,-21.83,33.28,1818.78,-3.69,498488579,PAID
5579,McDonald's,23000171,McDonald's (6106-HURON-CLEVELAND),6106,2025-07-14,USD,NULL,0.00,0.00,0.00,0.00,0.00,0.00,0.00,0.00,0.00,0.00,0.00,6.85,6.85,0.00,498488579,PAID
5579,McDonald's,23000171,McDonald's (6106-HURON-CLEVELAND),6106,2025-07-07,USD,Marketplace,1369.34,0.00,-158.48,0.00,-5.94,-111.08,-28.89,0.00,28.89,0.00,-42.14,54.37,1106.07,-1.05,496709656,PAID
5579,McDonald's,23000171,McDonald's (6106-HURON-CLEVELAND),6106,2025-06-30,USD,Marketplace,1355.78,0.00,-168.74,0.00,-20.29,-63.82,-44.45,0.00,60.78,0.00,0.00,48.31,1167.57,-0.74,494947183,PAID
5579,McDonald's,23000171,McDonald's (6106-HURON-CLEVELAND),6106,2025-06-30,USD,NULL,0.00,0.00,0.00,0.00,0.00,0.00,0.00,0.00,0.00,0.00,0.00,5.53,5.53,0.00,494947183,PAID
5579,McDonald's,23000171,McDonald's (6106-HURON-CLEVELAND),6106,2025-06-23,USD,Marketplace,1106.54,0.00,-141.67,0.00,-1.98,-26.14,-8.30,0.00,8.30,0.00,-14.07,6.66,929.34,-1.74,493183782,PAID
5579,McDonald's,23000171,McDonald's (6106-HURON-CLEVELAND),6106,2025-06-23,USD,NULL,0.00,0.00,0.00,0.00,0.00,0.00,0.00,0.00,0.00,0.00,0.00,6.81,6.81,0.00,493183782,PAID
5579,McDonald's,23000201,McDonald's (6678-SANDUSKY-RIVER),6678,2025-08-18,USD,Marketplace,1851.14,0.00,-211.21,0.00,-20.79,-259.09,-5.00,0.00,5.00,0.00,-13.10,9.25,1356.20,-1.13,507364330,PAID
5579,McDonald's,23000201,McDonald's (6678-SANDUSKY-RIVER),6678,2025-08-18,USD,NULL,0.00,0.00,0.00,0.00,0.00,0.00,0.00,0.00,0.00,0.00,0.00,8.88,8.88,0.00,507364330,PAID
5579,McDonald's,23000201,McDonald's (6678-SANDUSKY-RIVER),6678,2025-08-11,USD,Marketplace,1776.08,0.00,-204.80,0.00,-47.52,-206.24,0.00,0.00,0.00,0.00,-11.77,6.26,1312.01,0.00,505611492,PAID
5579,McDonald's,23000201,McDonald's (6678-SANDUSKY-RIVER),6678,2025-08-11,USD,NULL,0.00,0.00,0.00,0.00,0.00,0.00,0.00,0.00,0.00,0.00,0.00,10.48,10.48,0.00,505611492,PAID
5579,McDonald's,23000201,McDonald's (6678-SANDUSKY-RIVER),6678,2025-08-04,USD,Marketplace,2095.42,0.00,-230.22,0.00,-57.04,-319.02,0.00,0.00,24.37,0.00,-19.12,7.55,1501.94,-4.96,503844386,PAID
5579,McDonald's,23000201,McDonald's (6678-SANDUSKY-RIVER),6678,2025-08-04,USD,NULL,0.00,0.00,0.00,0.00,0.00,0.00,0.00,0.00,0.00,0.00,0.00,12.75,12.75,0.00,503844386,PAID
5579,McDonald's,23000201,McDonald's (6678-SANDUSKY-RIVER),6678,2025-07-28,USD,Marketplace,2550.60,0.00,-288.22,0.00,-27.72,-340.87,-20.96,0.00,20.96,0.00,-18.78,29.15,1904.16,-3.09,502073221,PAID
5579,McDonald's,23000201,McDonald's (6678-SANDUSKY-RIVER),6678,2025-07-28,USD,NULL,0.00,0.00,0.00,0.00,0.00,0.00,0.00,0.00,0.00,0.00,0.00,3.63,3.63,0.00,502073221,PAID
5579,McDonald's,23000201,McDonald's (6678-SANDUSKY-RIVER),6678,2025-07-21,USD,Marketplace,1930.63,0.00,-241.83,0.00,-5.94,-93.10,-18.78,0.00,18.78,0.00,-3.63,37.75,1623.88,-3.67,500285625,PAID
5579,McDonald's,23000201,McDonald's (6678-SANDUSKY-RIVER),6678,2025-07-21,USD,NULL,0.00,0.00,0.00,0.00,0.00,0.00,0.00,0.00,0.00,0.00,0.00,12.37,12.37,0.00,500285625,PAID
5579,McDonald's,23000201,McDonald's (6678-SANDUSKY-RIVER),6678,2025-07-14,USD,Marketplace,2473.74,0.00,-291.80,0.00,-4.95,-259.35,-18.23,0.00,18.23,0.00,-26.48,26.74,1917.90,-3.97,498492723,PAID
5579,McDonald's,23000201,McDonald's (6678-SANDUSKY-RIVER),6678,2025-07-14,USD,NULL,0.00,0.00,0.00,0.00,0.00,0.00,0.00,0.00,0.00,0.00,0.00,3.64,3.64,0.00,498492723,PAID
5579,McDonald's,23000201,McDonald's (6678-SANDUSKY-RIVER),6678,2025-07-07,USD,Marketplace,2234.13,0.00,-257.67,0.00,-13.86,-194.43,-39.33,0.00,39.33,0.00,-3.64,0.00,1764.53,-5.02,496698870,PAID
5579,McDonald's,23000201,McDonald's (6678-SANDUSKY-RIVER),6678,2025-07-07,USD,NULL,0.00,0.00,0.00,0.00,0.00,0.00,0.00,0.00,0.00,0.00,0.00,8.26,8.26,0.00,496698870,PAID
5579,McDonald's,23000201,McDonald's (6678-SANDUSKY-RIVER),6678,2025-06-30,USD,Marketplace,1651.53,0.00,-202.96,0.00,-8.79,-69.91,-39.51,0.00,46.32,0.00,-51.10,47.02,1372.60,-1.84,494936808,PAID
5579,McDonald's,23000201,McDonald's (6678-SANDUSKY-RIVER),6678,2025-06-23,USD,Marketplace,1326.61,0.00,-166.03,0.00,-3.96,-71.08,-51.33,0.00,51.33,0.00,0.00,0.00,1085.54,-0.96,493174961,PAID
5579,McDonald's,23000201,McDonald's (6678-SANDUSKY-RIVER),6678,2025-06-23,USD,NULL,0.00,0.00,0.00,0.00,0.00,0.00,0.00,0.00,0.00,0.00,0.00,8.00,8.00,0.00,493174961,PAID
5579,McDonald's,23000234,McDonald's (21647-MILAN),21647,2025-08-18,USD,Marketplace,701.45,0.00,-81.70,0.00,-6.93,-92.69,-15.00,0.00,15.00,0.00,-24.42,0.00,495.71,-0.39,507366991,PAID
5579,McDonald's,23000234,McDonald's (21647-MILAN),21647,2025-08-18,USD,NULL,0.00,0.00,0.00,0.00,0.00,0.00,0.00,0.00,0.00,0.00,0.00,3.86,3.86,0.00,507366991,PAID
5579,McDonald's,23000234,McDonald's (21647-MILAN),21647,2025-08-11,USD,Marketplace,772.21,0.00,-94.84,0.00,-8.91,-56.87,0.00,0.00,0.00,0.00,-14.66,32.22,629.15,0.00,505615672,PAID
5579,McDonald's,23000234,McDonald's (21647-MILAN),21647,2025-08-04,USD,Marketplace,578.05,0.00,-69.97,0.00,-20.79,-57.30,0.00,0.00,6.93,0.00,0.00,0.00,436.92,-1.38,503851276,PAID
5579,McDonald's,23000234,McDonald's (21647-MILAN),21647,2025-08-04,USD,NULL,0.00,0.00,0.00,0.00,0.00,0.00,0.00,0.00,0.00,0.00,0.00,5.42,5.42,0.00,503851276,PAID
5579,McDonald's,23000234,McDonald's (21647-MILAN),21647,2025-07-28,USD,Marketplace,1084.37,0.00,-129.07,0.00,-21.78,-113.88,-5.60,0.00,5.60,0.00,-13.19,0.00,806.45,-2.45,502068089,PAID
5579,McDonald's,23000234,McDonald's (21647-MILAN),21647,2025-07-28,USD,NULL,0.00,0.00,0.00,0.00,0.00,0.00,0.00,0.00,0.00,0.00,0.00,2.92,2.92,0.00,502068089,PAID
5579,McDonald's,23000234,McDonald's (21647-MILAN),21647,2025-07-21,USD,Marketplace,583.62,0.00,-73.48,0.00,-2.97,-23.00,0.00,0.00,0.00,0.00,-5.56,0.00,478.61,-2.42,500286858,PAID
5579,McDonald's,23000234,McDonald's (21647-MILAN),21647,2025-07-21,USD,NULL,0.00,0.00,0.00,0.00,0.00,0.00,0.00,0.00,0.00,0.00,0.00,3.84,3.84,0.00,500286858,PAID
5579,McDonald's,23000234,McDonald's (21647-MILAN),21647,2025-07-14,USD,Marketplace,767.65,0.00,-95.75,0.00,0.00,-67.04,0.00,0.00,0.00,0.00,-14.59,31.33,621.60,-1.14,498480570,PAID
5579,McDonald's,23000234,McDonald's (21647-MILAN),21647,2025-07-14,USD,NULL,0.00,0.00,0.00,0.00,0.00,0.00,0.00,0.00,0.00,0.00,0.00,3.26,3.26,0.00,498480570,PAID
5579,McDonald's,23000234,McDonald's (21647-MILAN),21647,2025-07-07,USD,Marketplace,651.66,0.00,-79.19,0.00,-1.98,-61.59,-10.03,0.00,10.03,0.00,-11.75,0.00,497.15,-0.26,496705815,PAID
5579,McDonald's,23000234,McDonald's (21647-MILAN),21647,2025-06-30,USD,Marketplace,854.99,0.00,-111.33,0.00,-17.68,-43.35,-2.08,-15.00,18.77,15.00,0.00,0.00,699.32,-2.47,494935442,PAID
5579,McDonald's,23000234,McDonald's (21647-MILAN),21647,2025-06-30,USD,NULL,0.00,0.00,0.00,0.00,0.00,0.00,0.00,0.00,0.00,0.00,0.00,2.87,2.87,0.00,494935442,PAID
5579,McDonald's,23000234,McDonald's (21647-MILAN),21647,2025-06-23,USD,Marketplace,574.43,0.00,-75.08,0.00,-0.99,-4.32,-8.14,0.00,8.14,0.00,-6.77,0.00,487.27,-2.26,493187524,PAID
5579,McDonald's,23000234,McDonald's (21647-MILAN),21647,2025-06-23,USD,NULL,0.00,0.00,0.00,0.00,0.00,0.00,0.00,0.00,0.00,0.00,0.00,5.07,5.07,0.00,493187524,PAID
5579,McDonald's,23000258,McDonald's (3401-NORWALK-BENEDICT),3401,2025-08-18,USD,Marketplace,3658.83,0.00,-410.44,0.00,-45.54,-539.25,-25.26,0.00,25.26,0.00,-30.93,8.47,2641.14,-5.29,507366741,PAID
5579,McDonald's,23000258,McDonald's (3401-NORWALK-BENEDICT),3401,2025-08-18,USD,NULL,0.00,0.00,0.00,0.00,0.00,0.00,0.00,0.00,0.00,0.00,0.00,12.04,12.04,0.00,507366741,PAID
5579,McDonald's,23000258,McDonald's (3401-NORWALK-BENEDICT),3401,2025-08-11,USD,Marketplace,3343.17,0.00,-408.54,0.00,-34.65,-233.37,-32.22,0.00,32.22,0.00,-12.04,18.36,2672.93,0.00,505611256,PAID
5579,McDonald's,23000258,McDonald's (3401-NORWALK-BENEDICT),3401,2025-08-11,USD,NULL,0.00,0.00,0.00,0.00,0.00,0.00,0.00,0.00,0.00,0.00,0.00,14.66,14.66,0.00,505611256,PAID
5579,McDonald's,23000258,McDonald's (3401-NORWALK-BENEDICT),3401,2025-08-04,USD,Marketplace,3059.42,0.00,-342.15,0.00,-155.07,-439.81,-9.10,0.00,51.31,0.00,-2.99,0.00,2161.61,-4.89,503851616,PAID
5579,McDonald's,23000258,McDonald's (3401-NORWALK-BENEDICT),3401,2025-07-28,USD,Marketplace,1701.06,0.00,-194.98,0.00,-57.42,-223.39,0.00,0.00,0.00,0.00,0.00,12.99,1238.26,-2.39,502061750,PAID
5579,McDonald's,23000258,McDonald's (3401-NORWALK-BENEDICT),3401,2025-07-28,USD,NULL,0.00,0.00,0.00,0.00,0.00,0.00,0.00,0.00,0.00,0.00,0.00,14.86,14.86,0.00,502061750,PAID
5579,McDonald's,23000258,McDonald's (3401-NORWALK-BENEDICT),3401,2025-07-21,USD,Marketplace,2972.66,0.00,-378.00,0.00,-3.96,-72.89,-17.33,0.00,17.33,0.00,-18.89,36.74,2535.66,-8.35,500275073,PAID
5579,McDonald's,23000258,McDonald's (3401-NORWALK-BENEDICT),3401,2025-07-21,USD,NULL,0.00,0.00,0.00,0.00,0.00,0.00,0.00,0.00,0.00,0.00,0.00,15.21,15.21,0.00,500275073,PAID
5579,McDonald's,23000258,McDonald's (3401-NORWALK-BENEDICT),3401,2025-07-14,USD,Marketplace,3070.92,0.00,-380.17,0.00,-5.94,-200.63,-52.10,0.00,52.10,0.00,-10.55,45.63,2519.26,-9.20,498492355,PAID
5579,McDonald's,23000258,McDonald's (3401-NORWALK-BENEDICT),3401,2025-07-14,USD,NULL,0.00,0.00,0.00,0.00,0.00,0.00,0.00,0.00,0.00,0.00,0.00,14.72,14.72,0.00,498492355,PAID
5579,McDonald's,23000258,McDonald's (3401-NORWALK-BENEDICT),3401,2025-07-07,USD,Marketplace,2944.35,0.00,-349.46,0.00,-22.99,-305.70,-32.61,0.00,35.80,0.00,-31.57,0.00,2237.82,-7.44,496704927,PAID
5579,McDonald's,23000258,McDonald's (3401-NORWALK-BENEDICT),3401,2025-07-07,USD,NULL,0.00,0.00,0.00,0.00,0.00,0.00,0.00,0.00,0.00,0.00,0.00,10.89,10.89,0.00,496704927,PAID
5579,McDonald's,23000258,McDonald's (3401-NORWALK-BENEDICT),3401,2025-06-30,USD,Marketplace,2178.45,0.00,-272.39,0.00,-16.76,-107.31,-14.84,0.00,27.64,0.00,-18.74,37.91,1813.96,-5.88,494938463,PAID
5579,McDonald's,23000258,McDonald's (3401-NORWALK-BENEDICT),3401,2025-06-30,USD,NULL,0.00,0.00,0.00,0.00,0.00,0.00,0.00,0.00,0.00,0.00,0.00,13.44,13.44,0.00,494938463,PAID
5579,McDonald's,23000258,McDonald's (3401-NORWALK-BENEDICT),3401,2025-06-23,USD,Marketplace,2687.34,0.00,-342.25,0.00,-3.96,-80.09,-12.42,0.00,12.42,0.00,-11.59,6.35,2255.80,-8.69,493183551,PAID
5579,McDonald's,23000258,McDonald's (3401-NORWALK-BENEDICT),3401,2025-06-23,USD,NULL,0.00,0.00,0.00,0.00,0.00,0.00,0.00,0.00,0.00,0.00,0.00,15.12,15.12,0.00,493183551,PAID
5579,McDonald's,23000270,McDonald's (11856-OBERLIN/S. MAIN),11856,2025-08-18,USD,Marketplace,2342.90,0.00,-267.85,0.00,-28.71,-295.94,-5.00,0.00,5.00,0.00,-5.47,28.51,1773.44,-3.09,507358180,PAID
5579,McDonald's,23000270,McDonald's (11856-OBERLIN/S. MAIN),11856,2025-08-18,USD,NULL,0.00,0.00,0.00,0.00,0.00,0.00,0.00,0.00,0.00,0.00,0.00,9.50,9.50,0.00,507358180,PAID
5579,McDonald's,23000270,McDonald's (11856-OBERLIN/S. MAIN),11856,2025-08-11,USD,Marketplace,1899.54,0.00,-227.44,0.00,-50.49,-174.74,-5.00,0.00,5.00,0.00,-10.94,20.88,1456.81,0.00,505616822,PAID
5579,McDonald's,23000270,McDonald's (11856-OBERLIN/S. MAIN),11856,2025-08-11,USD,NULL,0.00,0.00,0.00,0.00,0.00,0.00,0.00,0.00,0.00,0.00,0.00,10.03,10.03,0.00,505616822,PAID
5579,McDonald's,23000270,McDonald's (11856-OBERLIN/S. MAIN),11856,2025-08-04,USD,Marketplace,2006.34,0.00,-241.42,0.00,-51.15,-151.36,-25.63,-10.08,56.98,10.08,-21.75,9.35,1581.36,-2.60,503849920,PAID
5579,McDonald's,23000270,McDonald's (11856-OBERLIN/S. MAIN),11856,2025-08-04,USD,NULL,0.00,0.00,0.00,0.00,0.00,0.00,0.00,0.00,0.00,0.00,0.00,3.09,3.09,0.00,503849920,PAID
5579,McDonald's,23000270,McDonald's (11856-OBERLIN/S. MAIN),11856,2025-07-28,USD,Marketplace,1931.24,0.00,-232.39,0.00,-15.84,-161.41,-7.70,0.00,7.70,0.00,-3.09,22.22,1540.73,-4.55,502069883,PAID
5579,McDonald's,23000270,McDonald's (11856-OBERLIN/S. MAIN),11856,2025-07-28,USD,NULL,0.00,0.00,0.00,0.00,0.00,0.00,0.00,0.00,0.00,0.00,0.00,9.98,9.98,0.00,502069883,PAID
5579,McDonald's,23000270,McDonald's (11856-OBERLIN/S. MAIN),11856,2025-07-21,USD,Marketplace,1995.77,0.00,-249.71,0.00,-0.99,-101.63,-30.16,0.00,30.16,0.00,-26.69,74.48,1691.23,-4.20,500276300,PAID
5579,McDonald's,23000270,McDonald's (11856-OBERLIN/S. MAIN),11856,2025-07-21,USD,NULL,0.00,0.00,0.00,0.00,0.00,0.00,0.00,0.00,0.00,0.00,0.00,10.84,10.84,0.00,500276300,PAID
5579,McDonald's,23000270,McDonald's (11856-OBERLIN/S. MAIN),11856,2025-07-14,USD,Marketplace,2168.00,0.00,-273.45,0.00,-2.97,-148.71,-43.91,0.00,43.91,0.00,-41.31,66.20,1767.76,-3.94,498491049,PAID
5579,McDonald's,23000270,McDonald's (11856-OBERLIN/S. MAIN),11856,2025-07-14,USD,NULL,0.00,0.00,0.00,0.00,0.00,0.00,0.00,0.00,0.00,0.00,0.00,8.47,8.47,0.00,498491049,PAID
5579,McDonald's,23000270,McDonald's (11856-OBERLIN/S. MAIN),11856,2025-07-07,USD,Marketplace,1725.69,0.00,-195.40,0.00,-7.92,-175.69,-6.00,0.00,6.00,0.00,0.00,0.00,1346.68,-4.65,496704018,PAID
5579,McDonald's,23000270,McDonald's (11856-OBERLIN/S. MAIN),11856,2025-07-07,USD,NULL,0.00,0.00,0.00,0.00,0.00,0.00,0.00,0.00,0.00,0.00,0.00,10.21,10.21,0.00,496704018,PAID
5579,McDonald's,23000270,McDonald's (11856-OBERLIN/S. MAIN),11856,2025-06-30,USD,Marketplace,2041.89,0.00,-244.74,0.00,-23.76,-96.64,-31.32,0.00,51.12,0.00,-11.86,18.58,1703.27,-5.35,494935946,PAID
5579,McDonald's,23000270,McDonald's (11856-OBERLIN/S. MAIN),11856,2025-06-30,USD,NULL,0.00,0.00,0.00,0.00,0.00,0.00,0.00,0.00,0.00,0.00,0.00,7.51,7.51,0.00,494935946,PAID
5579,McDonald's,23000270,McDonald's (11856-OBERLIN/S. MAIN),11856,2025-06-23,USD,Marketplace,1696.91,0.00,-212.27,0.00,-1.98,-55.28,-7.44,0.00,7.44,0.00,-7.51,62.65,1482.52,-3.45,493182504,PAID
5579,McDonald's,23000270,McDonald's (11856-OBERLIN/S. MAIN),11856,2025-06-23,USD,NULL,0.00,0.00,0.00,0.00,0.00,0.00,0.00,0.00,0.00,0.00,0.00,10.13,10.13,0.00,493182504,PAID
5579,McDonald's,23000302,McDonald's (32777-MILAN ROAD RELO),32777,2025-08-18,USD,Marketplace,6655.23,0.00,-742.99,0.00,-61.38,-943.11,-64.59,-29.35,64.59,29.35,-153.28,220.74,4975.21,-2.55,507367691,PAID
5579,McDonald's,23000302,McDonald's (32777-MILAN ROAD RELO),32777,2025-08-18,USD,NULL,0.00,0.00,0.00,0.00,0.00,0.00,0.00,0.00,0.00,0.00,0.00,31.90,31.90,0.00,507367691,PAID
5579,McDonald's,23000302,McDonald's (32777-MILAN ROAD RELO),32777,2025-08-11,USD,Marketplace,6306.27,0.00,-761.77,0.00,-65.34,-496.65,-44.67,-6.73,44.67,6.73,-232.75,475.85,5225.61,0.00,505610096,PAID
5579,McDonald's,23000302,McDonald's (32777-MILAN ROAD RELO),32777,2025-08-11,USD,Storefront,25.06,0.00,0.00,-1.43,0.00,0.00,0.00,0.00,0.00,0.00,0.00,0.00,23.63,0.00,505610096,PAID
5579,McDonald's,23000302,McDonald's (32777-MILAN ROAD RELO),32777,2025-08-11,USD,NULL,0.00,0.00,0.00,0.00,0.00,0.00,0.00,0.00,0.00,0.00,0.00,34.72,34.72,0.00,505610096,PAID
5579,McDonald's,23000302,McDonald's (32777-MILAN ROAD RELO),32777,2025-08-04,USD,Marketplace,7069.26,0.00,-828.06,0.00,-263.37,-779.39,-78.35,-33.71,149.66,33.71,-188.83,292.11,5373.03,-5.62,503851338,PAID
5579,McDonald's,23000302,McDonald's (32777-MILAN ROAD RELO),32777,2025-08-04,USD,NULL,0.00,0.00,0.00,0.00,0.00,0.00,0.00,0.00,0.00,0.00,0.00,33.93,33.93,0.00,503851338,PAID
5579,McDonald's,23000302,McDonald's (32777-MILAN ROAD RELO),32777,2025-07-28,USD,Marketplace,6493.00,0.00,-753.31,0.00,-125.73,-753.80,-37.07,0.00,37.07,0.00,-248.74,231.51,4842.93,-9.33,502070468,PAID
5579,McDonald's,23000302,McDonald's (32777-MILAN ROAD RELO),32777,2025-07-28,USD,NULL,0.00,0.00,0.00,0.00,0.00,0.00,0.00,0.00,0.00,0.00,0.00,39.35,39.35,0.00,502070468,PAID
5579,McDonald's,23000302,McDonald's (32777-MILAN ROAD RELO),32777,2025-07-21,USD,Marketplace,7984.73,0.00,-983.26,0.00,-11.88,-463.61,-148.62,0.00,148.62,0.00,-249.02,371.35,6648.31,-12.58,500276931,PAID
5579,McDonald's,23000302,McDonald's (32777-MILAN ROAD RELO),32777,2025-07-21,USD,NULL,0.00,0.00,0.00,0.00,0.00,0.00,0.00,0.00,0.00,0.00,0.00,32.54,32.54,0.00,500276931,PAID
5579,McDonald's,23000302,McDonald's (32777-MILAN ROAD RELO),32777,2025-07-14,USD,Marketplace,6535.86,0.00,-798.44,0.00,-8.91,-424.91,-104.64,0.00,104.64,0.00,-148.63,287.38,5442.35,-9.40,498484408,PAID
5579,McDonald's,23000302,McDonald's (32777-MILAN ROAD RELO),32777,2025-07-14,USD,NULL,0.00,0.00,0.00,0.00,0.00,0.00,0.00,0.00,0.00,0.00,0.00,66.16,66.16,0.00,498484408,PAID
5579,McDonald's,23000302,McDonald's (32777-MILAN ROAD RELO),32777,2025-07-07,USD,Marketplace,7118.65,0.00,-851.25,0.00,-51.70,-662.34,-109.54,-6.70,112.73,6.70,-203.38,427.51,5780.68,-14.81,496699967,PAID
5579,McDonald's,23000302,McDonald's (32777-MILAN ROAD RELO),32777,2025-07-07,USD,NULL,0.00,0.00,0.00,0.00,0.00,0.00,0.00,0.00,0.00,0.00,0.00,30.91,30.91,0.00,496699967,PAID
5579,McDonald's,23000302,McDonald's (32777-MILAN ROAD RELO),32777,2025-06-30,USD,Marketplace,6176.48,0.00,-816.93,0.00,-40.68,-373.19,-73.08,-7.64,105.84,7.64,-93.67,375.50,5260.27,-13.73,494942999,PAID
5579,McDonald's,23000302,McDonald's (32777-MILAN ROAD RELO),32777,2025-06-30,USD,NULL,0.00,0.00,0.00,0.00,0.00,0.00,0.00,0.00,0.00,0.00,0.00,30.47,30.47,0.00,494942999,PAID
5579,McDonald's,23000302,McDonald's (32777-MILAN ROAD RELO),32777,2025-06-23,USD,Marketplace,6017.21,0.00,-804.83,0.00,-7.92,-315.37,-115.44,-8.79,115.44,8.79,-190.67,201.56,4899.98,-10.50,493184554,PAID
5579,McDonald's,23000302,McDonald's (32777-MILAN ROAD RELO),32777,2025-06-23,USD,NULL,0.00,0.00,0.00,0.00,0.00,0.00,0.00,0.00,0.00,0.00,0.00,32.28,32.28,0.00,493184554,PAID
5579,McDonald's,23000321,"McDonald's (22168-MARGARETTA, SR 2/ SR 101)",22168,2025-08-18,USD,Marketplace,844.91,0.00,-92.63,0.00,-0.99,-105.04,0.00,0.00,0.00,0.00,0.00,22.40,668.65,-0.72,507367083,PAID
5579,McDonald's,23000321,"McDonald's (22168-MARGARETTA, SR 2/ SR 101)",22168,2025-08-18,USD,NULL,0.00,0.00,0.00,0.00,0.00,0.00,0.00,0.00,0.00,0.00,0.00,4.13,4.13,0.00,507367083,PAID
5579,McDonald's,23000321,"McDonald's (22168-MARGARETTA, SR 2/ SR 101)",22168,2025-08-11,USD,Marketplace,826.04,0.00,-105.86,0.00,-2.97,-18.95,-2.62,0.00,2.62,0.00,-19.40,0.00,678.86,0.00,505617307,PAID
5579,McDonald's,23000321,"McDonald's (22168-MARGARETTA, SR 2/ SR 101)",22168,2025-08-11,USD,NULL,0.00,0.00,0.00,0.00,0.00,0.00,0.00,0.00,0.00,0.00,0.00,2.19,2.19,0.00,505617307,PAID
5579,McDonald's,23000321,"McDonald's (22168-MARGARETTA, SR 2/ SR 101)",22168,2025-08-04,USD,Marketplace,1248.14,0.00,-149.31,0.00,-12.95,-66.24,-2.98,0.00,13.95,0.00,-2.19,0.00,1028.42,-1.04,503844285,PAID
5579,McDonald's,23000321,"McDonald's (22168-MARGARETTA, SR 2/ SR 101)",22168,2025-07-28,USD,Marketplace,1017.89,0.00,-125.50,0.00,-2.97,-46.01,-29.03,0.00,29.03,0.00,0.00,3.89,847.30,-1.04,502069416,PAID
5579,McDonald's,23000321,"McDonald's (22168-MARGARETTA, SR 2/ SR 101)",22168,2025-07-28,USD,NULL,0.00,0.00,0.00,0.00,0.00,0.00,0.00,0.00,0.00,0.00,0.00,2.99,2.99,0.00,502069416,PAID
5579,McDonald's,23000321,"McDonald's (22168-MARGARETTA, SR 2/ SR 101)",22168,2025-07-21,USD,Marketplace,1059.54,0.00,-130.68,0.00,-1.98,-54.37,-49.52,0.00,49.52,0.00,-2.99,0.00,869.52,-1.88,500275506,PAID
5579,McDonald's,23000321,"McDonald's (22168-MARGARETTA, SR 2/ SR 101)",22168,2025-07-21,USD,NULL,0.00,0.00,0.00,0.00,0.00,0.00,0.00,0.00,0.00,0.00,0.00,6.77,6.77,0.00,500275506,PAID
5579,McDonald's,23000321,"McDonald's (22168-MARGARETTA, SR 2/ SR 101)",22168,2025-07-14,USD,Marketplace,1353.63,0.00,-153.68,0.00,-3.96,-139.28,-16.47,0.00,16.47,0.00,-46.77,16.68,1026.62,-0.99,498491445,PAID
5579,McDonald's,23000321,"McDonald's (22168-MARGARETTA, SR 2/ SR 101)",22168,2025-07-14,USD,NULL,0.00,0.00,0.00,0.00,0.00,0.00,0.00,0.00,0.00,0.00,0.00,4.92,4.92,0.00,498491445,PAID
5579,McDonald's,23000321,"McDonald's (22168-MARGARETTA, SR 2/ SR 101)",22168,2025-07-07,USD,Marketplace,984.92,0.00,-116.54,0.00,-0.99,-78.41,-4.48,0.00,4.48,0.00,-15.94,30.84,803.88,-0.71,496697900,PAID
5579,McDonald's,23000321,"McDonald's (22168-MARGARETTA, SR 2/ SR 101)",22168,2025-07-07,USD,NULL,0.00,0.00,0.00,0.00,0.00,0.00,0.00,0.00,0.00,0.00,0.00,5.59,5.59,0.00,496697900,PAID
5579,McDonald's,23000321,"McDonald's (22168-MARGARETTA, SR 2/ SR 101)",22168,2025-06-30,USD,Marketplace,1117.05,0.00,-139.14,0.00,-4.95,-46.44,-19.29,-15.00,19.29,15.00,-26.22,11.04,911.34,-1.96,494944818,PAID
5579,McDonald's,23000321,"McDonald's (22168-MARGARETTA, SR 2/ SR 101)",22168,2025-06-23,USD,Marketplace,949.40,0.00,-119.09,0.00,0.00,-30.06,-5.55,0.00,5.55,0.00,0.00,0.00,800.25,-2.98,493187877,PAID
5579,McDonald's,23015471,McDonald's (12283-PERKINS/SAND III),12283,2025-08-18,USD,Marketplace,8324.44,0.00,-973.37,0.00,-174.23,-1385.49,-18.26,-20.00,18.26,20.00,-170.86,187.69,5808.18,-6.78,507362300,PAID
5579,McDonald's,23015471,McDonald's (12283-PERKINS/SAND III),12283,2025-08-18,USD,NULL,0.00,0.00,0.00,0.00,0.00,0.00,0.00,0.00,0.00,0.00,0.00,37.79,37.79,0.00,507362300,PAID
5579,McDonald's,23015471,McDonald's (12283-PERKINS/SAND III),12283,2025-08-11,USD,Marketplace,7508.29,0.00,-911.62,0.00,-273.24,-1063.36,-37.14,-33.44,37.14,33.44,-101.45,43.43,5202.05,0.00,505614137,PAID
5579,McDonald's,23015471,McDonald's (12283-PERKINS/SAND III),12283,2025-08-11,USD,NULL,0.00,0.00,0.00,0.00,0.00,0.00,0.00,0.00,0.00,0.00,0.00,43.07,43.07,0.00,505614137,PAID
5579,McDonald's,23015471,McDonald's (12283-PERKINS/SAND III),12283,2025-08-04,USD,Marketplace,8798.05,0.00,-1096.40,0.00,-248.01,-1048.02,-64.72,-23.84,181.06,23.84,-70.55,120.10,6571.51,-10.55,503847571,PAID
5579,McDonald's,23015471,McDonald's (12283-PERKINS/SAND III),12283,2025-08-04,USD,NULL,0.00,0.00,0.00,0.00,0.00,0.00,0.00,0.00,0.00,0.00,0.00,47.38,47.38,0.00,503847571,PAID
5579,McDonald's,23015471,McDonald's (12283-PERKINS/SAND III),12283,2025-07-28,USD,Marketplace,9351.31,0.00,-1158.74,0.00,-116.82,-1154.83,-85.58,0.00,85.58,0.00,-147.52,142.74,6916.14,-16.59,502062400,PAID
5579,McDonald's,23015471,McDonald's (12283-PERKINS/SAND III),12283,2025-07-28,USD,NULL,0.00,0.00,0.00,0.00,0.00,0.00,0.00,0.00,0.00,0.00,0.00,41.72,41.72,0.00,502062400,PAID
5579,McDonald's,23015471,McDonald's (12283-PERKINS/SAND III),12283,2025-07-21,USD,Marketplace,8482.93,0.00,-1133.43,0.00,-14.85,-415.96,-156.32,0.00,156.32,0.00,-126.64,103.40,6895.45,-11.82,500276898,PAID
5579,McDonald's,23015471,McDonald's (12283-PERKINS/SAND III),12283,2025-07-21,USD,NULL,0.00,0.00,0.00,0.00,0.00,0.00,0.00,0.00,0.00,0.00,0.00,45.04,45.04,0.00,500276898,PAID
5579,McDonald's,23015471,McDonald's (12283-PERKINS/SAND III),12283,2025-07-14,USD,Marketplace,8758.48,0.00,-1139.71,0.00,-8.91,-699.66,-121.11,0.00,121.11,0.00,-237.15,193.16,6866.21,-12.29,498486944,PAID
5579,McDonald's,23015471,McDonald's (12283-PERKINS/SAND III),12283,2025-07-14,USD,NULL,0.00,0.00,0.00,0.00,0.00,0.00,0.00,0.00,0.00,0.00,0.00,36.77,36.77,0.00,498486944,PAID
5579,McDonald's,23015471,McDonald's (12283-PERKINS/SAND III),12283,2025-07-07,USD,Marketplace,7451.11,0.00,-919.98,0.00,-69.83,-908.59,-123.05,0.00,145.36,0.00,-96.82,191.10,5669.30,-12.86,496703487,PAID
5579,McDonald's,23015471,McDonald's (12283-PERKINS/SAND III),12283,2025-07-07,USD,NULL,0.00,0.00,0.00,0.00,0.00,0.00,0.00,0.00,0.00,0.00,0.00,38.46,38.46,0.00,496703487,PAID
5579,McDonald's,23015471,McDonald's (12283-PERKINS/SAND III),12283,2025-06-30,USD,Marketplace,7655.84,0.00,-933.38,0.00,-64.30,-559.35,-153.79,-17.29,208.19,17.29,-87.29,192.48,6258.40,-13.45,494940367,PAID
5579,McDonald's,23015471,McDonald's (12283-PERKINS/SAND III),12283,2025-06-30,USD,NULL,0.00,0.00,0.00,0.00,0.00,0.00,0.00,0.00,0.00,0.00,0.00,34.54,34.54,0.00,494940367,PAID
5579,McDonald's,23015471,McDonald's (12283-PERKINS/SAND III),12283,2025-06-23,USD,Marketplace,6952.77,0.00,-873.20,0.00,-12.87,-376.74,-69.03,-9.20,69.03,9.20,-121.13,107.91,5676.74,-12.81,493176173,PAID
5579,McDonald's,23015471,McDonald's (12283-PERKINS/SAND III),12283,2025-06-23,USD,NULL,0.00,0.00,0.00,0.00,0.00,0.00,0.00,0.00,0.00,0.00,0.00,36.51,36.51,0.00,493176173,PAID
5579,McDonald's,24507497,McDonald's (11969 - NEW LONDON/MAIN),11969,2025-08-11,USD,Marketplace,91.12,0.00,-10.99,0.00,-1.98,-13.49,0.00,0.00,0.00,0.00,0.00,0.00,64.66,0.00,505615280,PAID
5579,McDonald's,24507497,McDonald's (11969 - NEW LONDON/MAIN),11969,2025-08-04,USD,Marketplace,27.62,0.00,-3.46,0.00,-0.99,-6.15,0.00,0.00,0.00,0.00,0.00,0.00,17.02,0.00,503843555,PAID
5579,McDonald's,24507497,McDonald's (11969 - NEW LONDON/MAIN),11969,2025-07-28,USD,Marketplace,64.00,0.00,-5.64,0.00,-2.97,-26.94,0.00,0.00,0.00,0.00,0.00,15.39,43.84,0.00,502065598,PAID
5579,McDonald's,24507497,McDonald's (11969 - NEW LONDON/MAIN),11969,2025-07-21,USD,Marketplace,40.34,0.00,-5.49,0.00,0.00,0.00,0.00,0.00,0.00,0.00,0.00,0.00,34.85,0.00,500279789,PAID
5579,McDonald's,24507497,McDonald's (11969 - NEW LONDON/MAIN),11969,2025-07-21,USD,NULL,0.00,0.00,0.00,0.00,0.00,0.00,0.00,0.00,0.00,0.00,0.00,0.37,0.37,0.00,500279789,PAID
5579,McDonald's,24507497,McDonald's (11969 - NEW LONDON/MAIN),11969,2025-07-14,USD,Marketplace,74.50,0.00,-9.96,0.00,-0.99,-8.20,0.00,0.00,0.00,0.00,-2.29,0.00,53.06,0.00,498493751,PAID
5579,McDonald's,24507497,McDonald's (11969 - NEW LONDON/MAIN),11969,2025-07-07,USD,Marketplace,88.89,0.00,-14.31,0.00,0.00,0.00,0.00,0.00,0.00,0.00,0.00,0.00,74.58,0.00,496698962,PAID
5579,McDonald's,24507497,McDonald's (11969 - NEW LONDON/MAIN),11969,2025-06-30,USD,Marketplace,80.66,0.00,-7.50,0.00,0.00,-27.46,0.00,0.00,0.00,0.00,0.00,15.18,60.88,-0.23,494936043,PAID
5579,McDonald's,24507497,McDonald's (11969 - NEW LONDON/MAIN),11969,2025-06-23,USD,Marketplace,41.86,0.00,-4.85,0.00,0.00,-7.49,0.00,0.00,0.00,0.00,0.00,0.00,29.52,0.00,493179271,PAID
5579,McDonald's,24508024,McDonald's (17467 - LA GRANGE),17467,2025-08-18,USD,Marketplace,477.29,0.00,-52.48,0.00,-6.93,-82.01,0.00,0.00,0.00,0.00,0.00,0.00,335.87,-0.33,507361940,PAID
5579,McDonald's,24508024,McDonald's (17467 - LA GRANGE),17467,2025-08-11,USD,Marketplace,567.27,0.00,-64.97,0.00,-21.78,-72.42,-3.78,0.00,3.78,0.00,0.00,44.26,452.36,0.00,505611830,PAID
5579,McDonald's,24508024,McDonald's (17467 - LA GRANGE),17467,2025-08-04,USD,Marketplace,544.02,0.00,-62.92,0.00,-3.96,-56.13,-9.97,0.00,9.97,0.00,0.00,0.00,421.01,-0.73,503846086,PAID
5579,McDonald's,24508024,McDonald's (17467 - LA GRANGE),17467,2025-08-04,USD,NULL,0.00,0.00,0.00,0.00,0.00,0.00,0.00,0.00,0.00,0.00,0.00,2.91,2.91,0.00,503846086,PAID
5579,McDonald's,24508024,McDonald's (17467 - LA GRANGE),17467,2025-07-28,USD,Marketplace,581.03,0.00,-68.69,0.00,-3.96,-53.61,-2.52,0.00,2.52,0.00,-4.73,0.00,450.04,-1.04,502072180,PAID
5579,McDonald's,24508024,McDonald's (17467 - LA GRANGE),17467,2025-07-21,USD,Marketplace,490.59,0.00,-59.60,0.00,0.00,-27.15,-10.94,0.00,10.94,0.00,0.00,16.98,420.82,-0.59,500279386,PAID
5579,McDonald's,24508024,McDonald's (17467 - LA GRANGE),17467,2025-07-14,USD,Marketplace,498.52,0.00,-59.07,0.00,0.00,-52.44,-3.99,0.00,3.99,0.00,0.00,73.72,460.73,-0.69,498488158,PAID
5579,McDonald's,24508024,McDonald's (17467 - LA GRANGE),17467,2025-07-14,USD,NULL,0.00,0.00,0.00,0.00,0.00,0.00,0.00,0.00,0.00,0.00,0.00,1.91,1.91,0.00,498488158,PAID
5579,McDonald's,24508024,McDonald's (17467 - LA GRANGE),17467,2025-07-07,USD,Marketplace,382.59,0.00,-43.42,0.00,0.00,-51.95,-5.90,0.00,5.90,0.00,-7.82,7.82,287.22,0.00,496703748,PAID
5579,McDonald's,24508024,McDonald's (17467 - LA GRANGE),17467,2025-07-07,USD,NULL,0.00,0.00,0.00,0.00,0.00,0.00,0.00,0.00,0.00,0.00,0.00,3.05,3.05,0.00,496703748,PAID
5579,McDonald's,24508024,McDonald's (17467 - LA GRANGE),17467,2025-06-30,USD,Marketplace,610.39,0.00,-76.83,0.00,-10.17,-41.77,-6.00,0.00,13.20,0.00,0.00,0.00,488.82,-2.25,494943212,PAID
5579,McDonald's,24508024,McDonald's (17467 - LA GRANGE),17467,2025-06-30,USD,NULL,0.00,0.00,0.00,0.00,0.00,0.00,0.00,0.00,0.00,0.00,0.00,2.17,2.17,0.00,494943212,PAID
5579,McDonald's,24508024,McDonald's (17467 - LA GRANGE),17467,2025-06-23,USD,Marketplace,433.48,0.00,-53.67,0.00,0.00,-37.55,-15.00,0.00,15.00,0.00,-3.86,0.00,338.40,-0.19,493179297,PAID
5579,McDonald's,24508024,McDonald's (17467 - LA GRANGE),17467,2025-06-23,USD,NULL,0.00,0.00,0.00,0.00,0.00,0.00,0.00,0.00,0.00,0.00,0.00,1.74,1.74,0.00,493179297,PAID
5579,McDonald's,24590418,McDonald's (1807-PAINESVILLE-RICH),1807,2025-08-18,USD,Marketplace,16199.54,0.00,-1809.61,0.00,-201.96,-2471.39,-133.22,-9.59,133.22,9.59,-480.06,306.32,11542.84,-13.61,507365687,PAID
5579,McDonald's,24590418,McDonald's (1807-PAINESVILLE-RICH),1807,2025-08-18,USD,NULL,0.00,0.00,0.00,0.00,0.00,0.00,0.00,0.00,0.00,0.00,0.00,74.15,74.15,0.00,507365687,PAID
5579,McDonald's,24590418,McDonald's (1807-PAINESVILLE-RICH),1807,2025-08-11,USD,Marketplace,14744.83,0.00,-1731.25,0.00,-225.72,-1606.65,-92.70,-13.18,92.70,13.18,-210.48,126.78,11097.51,0.00,505615735,PAID
5579,McDonald's,24590418,McDonald's (1807-PAINESVILLE-RICH),1807,2025-08-11,USD,NULL,0.00,0.00,0.00,0.00,0.00,0.00,0.00,0.00,0.00,0.00,0.00,73.74,73.74,0.00,505615735,PAID
5579,McDonald's,24590418,McDonald's (1807-PAINESVILLE-RICH),1807,2025-08-04,USD,Marketplace,14577.93,0.00,-1650.89,0.00,-698.62,-1995.99,-126.55,-38.68,277.70,38.68,-196.32,96.33,10283.59,-13.14,503850296,PAID
5579,McDonald's,24590418,McDonald's (1807-PAINESVILLE-RICH),1807,2025-08-04,USD,NULL,0.00,0.00,0.00,0.00,0.00,0.00,0.00,0.00,0.00,0.00,0.00,41.85,41.85,0.00,503850296,PAID
5579,McDonald's,24590418,McDonald's (1807-PAINESVILLE-RICH),1807,2025-07-28,USD,Marketplace,8572.42,0.00,-970.35,0.00,-252.45,-1233.69,-56.38,0.00,56.38,0.00,-140.64,45.04,6020.33,-15.58,502068649,PAID
5579,McDonald's,24590418,McDonald's (1807-PAINESVILLE-RICH),1807,2025-07-28,USD,NULL,0.00,0.00,0.00,0.00,0.00,0.00,0.00,0.00,0.00,0.00,0.00,68.38,68.38,0.00,502068649,PAID
5579,McDonald's,24590418,McDonald's (1807-PAINESVILLE-RICH),1807,2025-07-21,USD,Marketplace,13505.25,0.00,-1711.45,0.00,-8.91,-520.92,-217.70,0.00,217.70,0.00,-278.44,221.09,11206.62,-22.00,500275161,PAID
5579,McDonald's,24590418,McDonald's (1807-PAINESVILLE-RICH),1807,2025-07-21,USD,NULL,0.00,0.00,0.00,0.00,0.00,0.00,0.00,0.00,0.00,0.00,0.00,72.13,72.13,0.00,500275161,PAID
5579,McDonald's,24590418,McDonald's (1807-PAINESVILLE-RICH),1807,2025-07-14,USD,Marketplace,14644.37,0.00,-1756.52,0.00,-18.81,-1272.58,-297.10,0.00,297.10,0.00,-261.89,286.58,11621.15,-23.95,498485631,PAID
5579,McDonald's,24590418,McDonald's (1807-PAINESVILLE-RICH),1807,2025-07-14,USD,NULL,0.00,0.00,0.00,0.00,0.00,0.00,0.00,0.00,0.00,0.00,0.00,59.19,59.19,0.00,498485631,PAID
5579,McDonald's,24590418,McDonald's (1807-PAINESVILLE-RICH),1807,2025-07-07,USD,Marketplace,11852.49,0.00,-1419.74,0.00,-65.57,-1145.91,-190.87,0.00,194.07,0.00,-136.54,204.02,9291.95,-21.80,496709235,PAID
5579,McDonald's,24590418,McDonald's (1807-PAINESVILLE-RICH),1807,2025-07-07,USD,NULL,0.00,0.00,0.00,0.00,0.00,0.00,0.00,0.00,0.00,0.00,0.00,64.11,64.11,0.00,496709235,PAID
5579,McDonald's,24590418,McDonald's (1807-PAINESVILLE-RICH),1807,2025-06-30,USD,Marketplace,12993.55,0.00,-1620.49,0.00,-60.68,-696.00,-216.38,-7.22,262.21,7.22,-165.42,268.15,10764.94,-25.44,494943655,PAID
5579,McDonald's,24590418,McDonald's (1807-PAINESVILLE-RICH),1807,2025-06-30,USD,NULL,0.00,0.00,0.00,0.00,0.00,0.00,0.00,0.00,0.00,0.00,0.00,61.96,61.96,0.00,494943655,PAID
5579,McDonald's,24590418,McDonald's (1807-PAINESVILLE-RICH),1807,2025-06-23,USD,Marketplace,12198.15,0.00,-1535.30,0.00,-8.91,-519.96,-198.23,0.00,198.23,0.00,-291.73,111.15,9953.40,-21.87,493183202,PAID
5579,McDonald's,24590418,McDonald's (1807-PAINESVILLE-RICH),1807,2025-06-23,USD,NULL,0.00,0.00,0.00,0.00,0.00,0.00,0.00,0.00,0.00,0.00,0.00,57.02,57.02,0.00,493183202,PAID
5579,McDonald's,24590476,McDonald's (10705-PAINESVILE/MENTO),10705,2025-08-18,USD,Marketplace,2628.18,0.00,-292.94,0.00,-36.63,-351.68,0.00,0.00,0.00,0.00,-50.17,11.58,1908.34,-2.64,507367649,PAID
5579,McDonald's,24590476,McDonald's (10705-PAINESVILE/MENTO),10705,2025-08-18,USD,NULL,0.00,0.00,0.00,0.00,0.00,0.00,0.00,0.00,0.00,0.00,0.00,13.46,13.46,0.00,507367649,PAID
5579,McDonald's,24590476,McDonald's (10705-PAINESVILE/MENTO),10705,2025-08-11,USD,Marketplace,2692.51,0.00,-313.06,0.00,-89.10,-299.38,-22.31,0.00,22.31,0.00,-25.26,0.00,1965.71,0.00,505614211,PAID
5579,McDonald's,24590476,McDonald's (10705-PAINESVILE/MENTO),10705,2025-08-11,USD,NULL,0.00,0.00,0.00,0.00,0.00,0.00,0.00,0.00,0.00,0.00,0.00,16.20,16.20,0.00,505614211,PAID
5579,McDonald's,24590476,McDonald's (10705-PAINESVILE/MENTO),10705,2025-08-04,USD,Marketplace,3240.03,0.00,-381.56,0.00,-81.91,-325.34,-29.02,0.00,78.26,0.00,-28.40,0.00,2472.06,-6.17,503853587,PAID
5579,McDonald's,24590476,McDonald's (10705-PAINESVILE/MENTO),10705,2025-08-04,USD,NULL,0.00,0.00,0.00,0.00,0.00,0.00,0.00,0.00,0.00,0.00,0.00,25.79,25.79,0.00,503853587,PAID
5579,McDonald's,24590476,McDonald's (10705-PAINESVILE/MENTO),10705,2025-07-28,USD,Marketplace,5158.99,0.00,-591.44,0.00,-46.53,-579.57,-16.15,0.00,16.15,0.00,-46.33,0.00,3895.12,-11.06,502064965,PAID
5579,McDonald's,24590476,McDonald's (10705-PAINESVILE/MENTO),10705,2025-07-28,USD,NULL,0.00,0.00,0.00,0.00,0.00,0.00,0.00,0.00,0.00,0.00,0.00,12.00,12.00,0.00,502064965,PAID
5579,McDonald's,24590476,McDonald's (10705-PAINESVILE/MENTO),10705,2025-07-21,USD,Marketplace,2399.33,0.00,-294.77,0.00,-0.99,-159.14,-28.12,0.00,28.12,0.00,-29.63,12.79,1927.59,-8.31,500285270,PAID
5579,McDonald's,24590476,McDonald's (10705-PAINESVILE/MENTO),10705,2025-07-21,USD,NULL,0.00,0.00,0.00,0.00,0.00,0.00,0.00,0.00,0.00,0.00,0.00,14.13,14.13,0.00,500285270,PAID
5579,McDonald's,24590476,McDonald's (10705-PAINESVILE/MENTO),10705,2025-07-14,USD,Marketplace,2826.59,0.00,-344.77,0.00,-0.99,-243.68,-25.81,0.00,25.81,0.00,-19.27,0.00,2217.88,-5.10,498492597,PAID
5579,McDonald's,24590476,McDonald's (10705-PAINESVILE/MENTO),10705,2025-07-14,USD,NULL,0.00,0.00,0.00,0.00,0.00,0.00,0.00,0.00,0.00,0.00,0.00,14.85,14.85,0.00,498492597,PAID
5579,McDonald's,24590476,McDonald's (10705-PAINESVILE/MENTO),10705,2025-07-07,USD,Marketplace,2969.16,0.00,-354.89,0.00,-22.24,-287.48,-26.80,0.00,33.20,0.00,-56.49,28.82,2283.28,-6.18,496705954,PAID
5579,McDonald's,24590476,McDonald's (10705-PAINESVILE/MENTO),10705,2025-07-07,USD,NULL,0.00,0.00,0.00,0.00,0.00,0.00,0.00,0.00,0.00,0.00,0.00,10.94,10.94,0.00,496705954,PAID
5579,McDonald's,24590476,McDonald's (10705-PAINESVILE/MENTO),10705,2025-06-30,USD,Marketplace,2188.92,0.00,-270.47,0.00,-21.80,-87.77,-37.94,0.00,57.76,0.00,-36.47,0.00,1792.23,-4.35,494940834,PAID
5579,McDonald's,24590476,McDonald's (10705-PAINESVILE/MENTO),10705,2025-06-30,USD,NULL,0.00,0.00,0.00,0.00,0.00,0.00,0.00,0.00,0.00,0.00,0.00,11.04,11.04,0.00,494940834,PAID
5579,McDonald's,24590476,McDonald's (10705-PAINESVILE/MENTO),10705,2025-06-23,USD,Marketplace,2208.11,0.00,-279.31,0.00,-2.97,-118.29,-5.07,0.00,5.07,0.00,-44.19,57.50,1820.85,-4.15,493183180,PAID
5579,McDonald's,24590476,McDonald's (10705-PAINESVILE/MENTO),10705,2025-06-23,USD,NULL,0.00,0.00,0.00,0.00,0.00,0.00,0.00,0.00,0.00,0.00,0.00,11.94,11.94,0.00,493183180,PAID
